"address_id_se","full_address","country"
1,"& INST DETUDES AVANCEES NANTES, CTR CAVAILLSS, COLE NORMALE SUP, RIEURE, NANTES, FRANCE","FRANCE"
4,"& UNIV, CHINESE ACAD SCI, CHINESE ACAD SCI, INST ATMOSPHER PHYS, BEIJING, PEOPLES R CHINA","PEOPLES R CHINA"
6,"'ATHOLIC UNIV DAEGU, DEPT OCCUPAT HLTH, GYONGSAN 712702, SOUTH KOREA","SOUTH KOREA"
7,"'HUNGNAM NATL UNIV HOSP, DAEJEON, SOUTH KOREA","SOUTH KOREA"
8,"'ONGGUK UNIV, GYEONGJU HOSP, GYEONGJU, SOUTH KOREA","SOUTH KOREA"
9,"'OREA ELECT TECHNOL INST, DEPT MULTIMEDIA, IP RES CTR, SONGNAM 463400, SOUTH KOREA","SOUTH KOREA"
11,"'YEONGSANG NATL UNIV, DIV APPL LIFE SCI PLUS BK21, DEPT ANIM SCI, JINJU 660701, GYEONGSANGNAM D, SOUTH KOREA","SOUTH KOREA"
13,"()SITAR UNIV, COLL ENGN, GAS PROC CTR, POB 2713, DOHA, QATAR","QATAR"
15,"(EMBRAPA CERRADOS, BR 020,KM 18,CAIXA POSTAL 08223, BR-73310970 BRASILIA, DF, BRAZIL","BRAZIL"
16,"(R)EVOLUT GMBH, D-53113 BONN, GERMANY","GERMANY"
17,"*, *, WASHINGTON, DC 20420 USA","USA"
18,",JOSIP JURAJ STROSSMAYER UNIV, OSIJEK MED FAC, OSIJEK 31000, CROATIA","CROATIA"
19,",UNIVERS NAMUR, NTHC, NAMUR RES INST LIFE SCI NARILIS, DEPT PHARM, YVOIR, BELGIUM","BELGIUM"
22,"/HOSP SANTA MARTA, CTR HOSP LISBOA CENT, SERV MED 4, LISBON, PORTUGAL","PORTUGAL"
25,"0 18 KLIN, PEDIAT ENDOCRINOL, ISTANBUL, TURKEY","TURKEY"
26,"0 18KLIN, GROWTH & FEEDING DISORDERS CTR, ISTANBUL, TURKEY","TURKEY"
24,"0, NEW S WALES, AUSTRALIA","AUSTRALIA"
27,"00014 HELSINGIN YLIOPISTO, DEPT GEN PRACTICE, UNIV HELSINKI, HAARTMANINKATU 8,3 KRS PL 63 BIOMEDICUM, HELSINKI 00014, FINLAND","FINLAND"
29,"00014 HELSINGIN YLIOPISTO, UNIT PRIMARY HLTH CARE, HELSINKI UNIV HOSP, HAARTMANINKATU 8,3 KRS PL 63 BIOMEDICUM, HELSINKI 00014, FINLAND","FINLAND"
31,"00014 UNIV HELSINKI, BIOMEDICUM HELSINKI, FOLKHALSAN RES CTR, HELSINKI, FINLAND","FINLAND"
51,"00014 UNIV HELSINKI, DEPT AGR SCI, HELSINKI, FINLAND","FINLAND"
43,"00014 UNIV HELSINKI, DEPT BIOL & ENVIRONM SCI, PL 65, HELSINKI, FINLAND","FINLAND"
47,"00014 UNIV HELSINKI, DEPT BIOSCI, HELSINKI, FINLAND","FINLAND"
40,"00014 UNIV HELSINKI, DEPT FOREST ECOL, HELSINKI, FINLAND","FINLAND"
36,"00014 UNIV HELSINKI, DEPT FOREST SCI, HELSINKI, FINLAND","FINLAND"
34,"00014 UNIV HELSINKI, DEPT MODERN LANGUAGES, HELSINKI, FINLAND","FINLAND"
37,"00014 UNIV HELSINKI, DEPT PHYS, HELSINKI, FINLAND","FINLAND"
38,"00014 UNIV HELSINKI, DEPT PUBL HLTH, HJELT INST, HELSINKI, FINLAND","FINLAND"
48,"00014 UNIV HELSINKI, DEPT SOCIAL RES SOCIAL PSYCHOL, HELSINKI, FINLAND","FINLAND"
45,"00014 UNIV HELSINKI, HELSINKI COLL ADV STUDIES, HELSINKI, FINLAND","FINLAND"
35,"00014 UNIV HELSINKI, INST BIOMED, HELSINKI, FINLAND","FINLAND"
46,"00014 UNIV HELSINKI, INST BIOTECHNOL, HELSINKI, FINLAND","FINLAND"
33,"00014 UNIV HELSINKI, INST MOL MED FINLAND FIMM, HELSINKI, FINLAND","FINLAND"
41,"00014 UNIV HELSINKI, UNIV HELSINKI, DEPT DERMATOL ALLERGOL & VENEREOL, HELSINKI, FINLAND","FINLAND"
49,"00014 UNIV HELSINKI, VIIKKI PLANT SCI CTR, DEPT AGR SCI, HELSINKI, FINLAND","FINLAND"
52,"00045 NOKIA GRP, RADIO COMMUN LAB, NOKIA RES CTR, ESPOO, FINLAND","FINLAND"
54,"0011 REM TAP, RETICS RD06, ST JOAN DE DEU SSM, BARCELONA, SPAIN","SPAIN"
56,"00161 IST SUPER SANITA, DEPT THERAPEUT RES & MED EVALUAT, ROME, ITALY","ITALY"
57,"0029 HELSINKI UNIV CENT HOSP, DEPT ADOLESCENT PSYCHIAT, HELSINKI, FINLAND","FINLAND"
25956605,"01 BP 2938, OUAGADOUGOU 01, OUAGA, BURKINA FASO","BURKINA FASO"
58,"01 GEN ARMY HOSP, ATHENS, GREECE","GREECE"
60,"01 MT MED BATTAL, BAGH, AJK, PAKISTAN","PAKISTAN"
59,"01 MT MED BATTAL, DEPT SURG, BAGH, AJK, PAKISTAN","PAKISTAN"
62,"01 MTN MED BN, BAGH, AZAD KASHMIR, PAKISTAN","PAKISTAN"
61,"01 MTN MED BN, DEPT SURG, BAGH, AZAD KASHMIR, PAKISTAN","PAKISTAN"
63,"01 PLIROFORIKI SA, ATHENS 11143, GREECE","GREECE"
64,"01 UR 08 07, TUNIS, TUNISIA","TUNISIA"
65,"0112 UNIV CALIF SAN DIEGO, DEPT MATH, LA JOLLA, CA 92093 USA","USA"
66,"014 CTR FIRST AVIAT GRP CORP CHINA, LUOYANG 417009, PEOPLES R CHINA","PEOPLES R CHINA"
67,"018 ANIM RES FACIL, UNIT LAB ANIM MED, ANN ARBOR, MI 48109 USA","USA"
69,"01DB METRAVIB, F-69578 LIMONEST, FRANCE","FRANCE"
68,"01DB METRAVIB, F-69760 LIMONEST, FRANCE","FRANCE"
70,"02115 SANDIA NATL LAB, ALBUQUERQUE, NM 87185 USA","USA"
71,"0219 ZO CSOP ALCEDO, CZECH UNION NAT CONSERVAT, VLASIM 25801, CZECH REPUBLIC","CZECH REPUBLIC"
72,"03 02 NATL UNIV SINGAPORE, CTR LIFE SCI, DEPT PHARMACOL, CARDIOVASC BIOL GRP, SINGAPORE 117456, SINGAPORE","SINGAPORE"
75,"03 09 MT ELIZABETH MED CTR, SEOW CHOEN COLORECTAL CTR, SINGAPORE 228510, SINGAPORE","SINGAPORE"
76,"0349 UNIV CALIF SAN DIEGO, LA JOLLA, CA 92093 USA","USA"
77,"04 18 GLENEAGLES MED CTR, SINGAPORE 258499, SINGAPORE","SINGAPORE"
25951038,"04 BP 8235, OUAGADOUGOU 04, BURKINA FASO","BURKINA FASO"
78,"04 COAS, CORVALLIS, OR 97331 USA","USA"
79,"0407 UCSD, DEPT ECE, LA JOLLA, CA 92093 USA","USA"
80,"0478 ST MICHEL OBSERV, CNRS, OBSERV HAUTE PROVENCE, PARIS, FRANCE","FRANCE"
25959793,"05 ANDERSON RD, COLOMBO 05, SRI LANKA","SRI LANKA"
25960069,"05 RUE 3 FRERES AISSOU, BEN AKNOUN, ALGIES, ALGERIA","ALGERIA"
82,"05 STAT BERATUNG, DUSSELDORF, GERMANY","GERMANY"
83,"05 STATISTIKBERATUNG, DUSSELDORF, GERMANY","GERMANY"
84,"05 UR 09 05 PHYSIOL & ECOPHYSIOL ORGAISMES AQUAT F, PHYSIOL LAB, MONASTIR, TUNISIA","TUNISIA"
85,"0502 PETIT INST BIOENGN & BIOSCI, SCH BIOL, ATLANTA, GA 30332 USA","USA"
86,"0508 UNIV CALIF, DEPT ECON, LA JOLLA, CA 92093 USA","USA"
25948999,"053,TOWER 36, MADRAS 600130, TAMIL NADU, INDIA","INDIA"
89,"0532 UNIV CALIF SAN DIEGO, DEPT ANTHROPOL, LA JOLLA, CA 92093 USA","USA"
87,"0532 UNIV CALIF, DEPT ANTHROPOL, UGALLA PRIMATE PROJECT, SAN DIEGO, CA 92093 USA","USA"
90,"056 ALBERT LUDWIGS UNIV FREIBURG, INST MAKROMOL CHEM, D-79104 FREIBURG, GERMANY","GERMANY"
25959672,"06 BP 10727, OUAGADOUGOU 06, BURKINA FASO","BURKINA FASO"
91,"061 & INST CIENCIAS SALUD, ARAGON, SPAIN","SPAIN"
92,"061 ACCID & EMERGENCY SERV, HUELVA, SPAIN","SPAIN"
93,"061 EMERGENCY, HUESCA, SPAIN","SPAIN"
94,"061 SERV COORDINADOR URGENCIAS BARCELONA, CENT COORDINAC, BARCELONA, SPAIN","SPAIN"
95,"06198 NUNE EYE HOSP, 404 SEOLLEUNG RO, SEOUL, SOUTH KOREA","SOUTH KOREA"
97,"0693 UNIV CALIF SAN DIEGO, DEPT MED, LA JOLLA, CA 92093 USA","USA"
96,"0693 UNIV CALIF, DEPT MED, LA JOLLA, CA 92093 USA","USA"
98,"07 01 MT ELIZABETH MED CTR, WOMENS HLTH & FERTIL CTR, SINGAPORE, SINGAPORE","SINGAPORE"
25951821,"07 RADHIKA APARTMENT,SURVEY 12-1-2,ANANDNAGAR, PUNE 411051, MAHARASHTRA, INDIA","INDIA"
25949610,"07-03,BLOCK E1A,1 ENGN DR 2, SINGAPORE 117576, SINGAPORE","SINGAPORE"
25949166,"072BP50, COTONOU, BENIN","BENIN"
99,"07747 JENA UNIV HOSP, CLIN INTERNAL MED KIM NEPHROL 3, JENA, GERMANY","GERMANY"
100,"08 42 MT ELIZABETH NOVENA SPECIALIST CTR, SINGAPORE 329563, SINGAPORE","SINGAPORE"
25951037,"08 BP 2920, ABIDJAN 08, COTE IVOIRE","COTE IVOIRE"
102,"08 MAI 1945 UNIV GUELMA, DEPT ELECT ENGN, FAC TECHNOL, GUELMA, ALGERIA","ALGERIA"
101,"08 MAI 1945 UNIV, FAC SCI & INGENIERY, GUELMA, ALGERIA","ALGERIA"
106,"08 MAI 45 UNIV, DEPT PROC ENGN, GUELMA, ALGERIA","ALGERIA"
105,"08 MAI 45 UNIV, GPL, GUELMA, ALGERIA","ALGERIA"
104,"08 MAI 45 UNIV, GUELMA PHYS LAB, GUELMA, ALGERIA","ALGERIA"
107,"08 MAI 45 UNIV, LAB APPL CHEM, GUELMA 24000, ALGERIA","ALGERIA"
108,"08 MAY 1945 UNIV, ELECT ENGN LAB, GUELMA 24000, ALGERIA","ALGERIA"
109,"0818 UNIV CALIF SAN DIEGO, ANESTHESIOL RES LAB, LA JOLLA, CA USA","USA"
110,"0831 UNIV CALIF SAN DIEGO, DEPT PEDIAT, SCH MED, LA JOLLA, CA 92093 USA","USA"
112,"084 UNIV NEVADA, DEPT MATH, RENO, NV 89557 USA","USA"
25950138,"09 BP 164, COTONOU, BENIN","BENIN"
113,"0ANISH FOREST & LANDSCAPE RES INST, DEPT FORESTRY, DK-2970 HORSHOLM, DENMARK","DENMARK"
114,"0EWAVES, PASADENA, CA 91106 USA","USA"
115,"0FIOCRUZ, CPQGM, LASP, FUNDACAO OSWALDO CRUZ, SALVADOR, BA, BRAZIL","BRAZIL"
118,"0GEORGIA SO UNIV, INST ARTHROPODOL & PARASITOL, STATESBORO, GA 30460 USA","USA"
119,"0LILLY POLSKA, WARSAW, POLAND","POLAND"
120,"0MORY UNIV, SCH MED, DEPT OTOLARYNGOL HEAD & NECK SURG, EMORY VOICE CTR, ATLANTA, GA USA","USA"
123,"0NIV MELBOURNE, MELBOURNE MED SCH, DEPT MED EDUC, MELBOURNE, VIC 3015, AUSTRALIA","AUSTRALIA"
125,"0P7 GHENT UNIV HOSP, B-9000 GHENT, BELGIUM","BELGIUM"
126,"0PT SHANGHAI JIAO TONG UNIV, STATE KEY LAB FIBER OPT LOCAL AREA NETWORKS & ADV, SHANGHAI 200240, PEOPLES R CHINA","PEOPLES R CHINA"
127,"0SPED AMEDEO SAVOIA, TURIN, ITALY","ITALY"
128,"0ST EDUC & RES HOSP, MINIST HLTH, ISTANBUL, TURKEY","TURKEY"
129,"0TOCKHOLM UNIV, WENNER GREN INST, DEPT MOL BIOSCI, 0-10691 STOCKHOLM, SWEDEN","SWEDEN"
131,"0YUNGPOOK NATL UNIV, DAEGU, SOUTH KOREA","SOUTH KOREA"
132,"1 001 MANCHESTER INTERDISCIPLINARY BIOCTR, MANCHESTER M1 7DN, LANCS, ENGLAND","ENGLAND"
133,"1 002 KATZ GRP CTR PHARM & HLTH RES, FAC MED & DENT, EDMONTON, AB T6G 2E1, CANADA","CANADA"
134,"1 052 LI KA SHING CTR HLTH INNOVAT, PROGRAM PREGNANCY & POSTPARTUM HLTH, EDMONTON, AB, CANADA","CANADA"
135,"1 1 IT SOLUT, BERLIN, GERMANY","GERMANY"
136,"1 1 PSYCHOL COUNSELLING, BEDFORD, ENGLAND","ENGLAND"
137,"1 1 TOYOHASHI UNIV TECHNOL, TOYOHASHI, AICHI 4418580, JAPAN","JAPAN"
138,"1 10 MED ASSOCIATES, SAN ANTONIO, TX USA","USA"
139,"1 1000 BED DEF SERV GEN HOSP, MINGALADON, YANGON, MYANMAR","MYANMAR"
140,"1 1000 BEDDED DEF SERV GEN HOSP, MINGALADON, YANGON, MYANMAR","MYANMAR"
141,"1 11 FAC INGN, NATL RES CTR INTEGRATED NAT DISASTER MANAGEMENT C, CONCEPCION, CHILE","CHILE"
142,"1 12 INST INVEST, MADRID, SPAIN","SPAIN"
143,"1 145 AVIAT REGIMENT SERE DETACHMENT, FORT RUCKER, AL 36362 USA","USA"
144,"1 15 1 KITASATO UNIV, SCH MED, DEPT DERMATOL, SAGAMIHARA, KANAGAWA, JAPAN","JAPAN"
146,"1 25 STRYKER BRIGADE COMBAT TEAM, FT WAINWRIGHT, AK USA","USA"
25957542,"1 34-9 TAKEKURA, MISHIMA, SHIZUOKA 4110807, JAPAN","JAPAN"
147,"1 5 CAVALRY, BRIGADE 2, CAVALRY DIV 1, FT HOOD, TX 76542 USA","USA"
149,"1 7 1 KOUNODAI HOSP, INT MED CTR JAPAN, RES CTR HEPATITIS & IMMUNOL, KOUNODAI, ICHIKAWA 2728516, JAPAN","JAPAN"
151,"1 800 4 CHOCOLATE INC, BEIJING, PEOPLES R CHINA","PEOPLES R CHINA"
152,"1 AFFILIATED HOSP, DEPT CARDIOL, KUNMING MED COLL, KUNMING 650032, PEOPLES R CHINA","PEOPLES R CHINA"
154,"1 AFFILIATED HOSP, KUNMING MED COLL, DEPT CARDIOL, KUNMING 650032, YUNNAN, PEOPLES R CHINA","PEOPLES R CHINA"
156,"1 AIX MARSEILLE UNIV, EA PUBL HLTH CHRON DIS & QUAL LIFE RES UNIT 3279, F-13005 MARSEILLE, FRANCE","FRANCE"
157,"1 ALLERGY & CLIN RES CTR, CENTENNIAL, CO 80112 USA","USA"
158,"1 AMGEN CTR DR, DEPT PHARMACOKINET & DRUG METAB, THOUSAND OAKS, CA 91320 USA","USA"
25960099,"1 AMGEN CTR DR, THOUSAND OAKS, CA 91320 USA","USA"
159,"1 ANDREJ MIHEVC KARST RES INST ZRC SAZU, TITOV TRG 2, POSTOJNA 6230, SLOVENIA","SLOVENIA"
25960265,"1 ANGLIYSKY AVE, ST PETERSBURG 190121, RUSSIA","RUSSIA"
160,"1 AOU CAREGGI, DEPT EXPT & CLIN MED, FLORENCE, ITALY","ITALY"
161,"1 ARGONNE NATL LAB, ARGONNE, IL 60439 USA","USA"
25957117,"1 ASTON ST, TOOWONG, QLD 4066, AUSTRALIA","AUSTRALIA"
25956577,"1 AT&T WAY, BEDMINSTER, NJ 07921 USA","USA"
25959721,"1 ATWELL ST, ST AUGUSTINE, TRINID & TOBAGO","TRINID & TOBAGO"
25958558,"1 AVE 6 JUIN,1945, F-14000 CAEN, FRANCE","FRANCE"
25954718,"1 AVE 6-JUIN, F-14000 CAEN, FRANCE","FRANCE"
25956061,"1 AVE ALBERT EINSTEIN, F-69100 PARIS, FRANCE","FRANCE"
25958352,"1 AVE RANGUEIL, F-31400 TOULOUSE, FRANCE","FRANCE"
162,"1 AZRIELI CTR, IBM SYST & TECHNOL GRP, IL-67021 TEL AVIV, ISRAEL","ISRAEL"
25951947,"1 BAILEY MEWS,AUCKLAND RD, CAMBRIDGE CB5 8DR, ENGLAND","ENGLAND"
25961715,"1 BAILIFFS COTTAGE, SITTINGBOURNE ME9 0JU, KENT, ENGLAND","ENGLAND"
25950403,"1 BAKER ST,3B, SAN FRANCISCO, CA 94117 USA","USA"
25959689,"1 BAYLOR PLAZA, HOUSTON, TX 77030 USA","USA"
25952002,"1 BAYLOR PLAZA, HOUSTON, TX USA","USA"
25957559,"1 BAYLOR PLAZA,MS 390, BAYLOR PLAZA, MS 77030 USA","USA"
25960580,"1 BAYLOR PLAZA,SUITE 310D, HOUSTON, TX 77030 USA","USA"
25951563,"1 BEACH DR SE,UNIT 1805, ST PETERSBURG, FL 33701 USA","USA"
25957760,"1 BEICHEN WEST RD, BEIJING 100101, PEOPLES R CHINA","PEOPLES R CHINA"
25956647,"1 BELVOIRVIEW PK, BELFAST BT8 7BL, ANTRIM, NORTH IRELAND","NORTH IRELAND"
163,"1 BGR, HANNOVER, GERMANY","GERMANY"
164,"1 BINZHOU MED UNIV HOSP, BINGZHOU, PEOPLES R CHINA","PEOPLES R CHINA"
165,"1 BIS, RUE CHARLES DEGUY,RESIDENCE CASCADES 15, F-91230 MONTGERON, FRANCE","FRANCE"
25950979,"1 BLVD JEAN BAPTISTE LEBAS, F-59000 LILLE, FRANCE","FRANCE"
25953638,"1 BOLSHAYA YAKIMANKA ST, MOSCOW 119180, RUSSIA","RUSSIA"
25962586,"1 BRADLEY RD,SUITE 403, WOODBRIDGE, CT 06525 USA","USA"
166,"1 BRANCH CHONGQING MUNICIPAL PEOPLES PROCURATORA, CHONGQING 400016, PEOPLES R CHINA","PEOPLES R CHINA"
25959703,"1 BROOKINGS DR, ST LOUIS, MO 63130 USA","USA"
25954852,"1 BURNBRAE, EDINBURGH EH12 8UB, MIDLOTHIAN, SCOTLAND","SCOTLAND"
167,"1 C2S LEIDEN UNIV, MED CTR, DEPT RADIOL, DIV IMAGE PROC, POB 9600, NL-2300 RC LEIDEN, NETHERLANDS","NETHERLANDS"
25962673,"1 CADDY AVE, WEST LEEDERVILLE, WA 6007, AUSTRALIA","AUSTRALIA"
172,"1 CANADIAN FIELD HOSP, CANADIAN FORCES BASE PETAWAWA, PETAWAWA, ON, CANADA","CANADA"
178,"1 CANADIAN FIELD HOSP, CANADIAN FORCES HLTH SERV, PETAWAWA, ON, CANADA","CANADA"
174,"1 CANADIAN FIELD HOSP, DEPT NATL DEF, CANADIAN FORCES, PETAWAWA, ON, CANADA","CANADA"
176,"1 CANADIAN FIELD HOSP, HIGH READINESS DETACHMENT HALIFAX, HALIFAX, NS, CANADA","CANADA"
173,"1 CANADIAN FIELD HOSP, MAJ CANADIAN ARMED FORCES, PETAWAWA, ON, CANADA","CANADA"
170,"1 CANADIAN FIELD HOSP, MARTIN ORTHOPAED BIOMECH LAB, TORONTO, ON, CANADA","CANADA"
171,"1 CANADIAN FIELD HOSP, PETAWAWA, ON, CANADA","CANADA"
177,"1 CANADIAN FIELD HOSP, ROYAL CANADIAN MED SERV, LONDON, ON, CANADA","CANADA"
179,"1 CANC CARE CTR SOUTH TEXAS US ONCOL, SAN ANTONIO, TX USA","USA"
180,"1 CARDIAC DEPT, KRAKOW, POLAND","POLAND"
181,"1 CARDIOL MADRID, MADRID, SPAIN","SPAIN"
182,"1 CATTEDRA OFTALMOL, NAPLES, ITALY","ITALY"
183,"1 CAYZER COURT, STIRLING, SCOTLAND","SCOTLAND"
184,"1 CENT HOSP BAO DING CITY, DEPT NEUROL, BAODING, HEBEI, PEOPLES R CHINA","PEOPLES R CHINA"
187,"1 CENT HOSP BAODING CITY, BAODING CITY, PEOPLES R CHINA","PEOPLES R CHINA"
185,"1 CENT HOSP BAODING CITY, BAODING, PEOPLES R CHINA","PEOPLES R CHINA"
186,"1 CENT HOSP BAODING CITY, DEPT ENDOCRINOL, BAODING 071000, PEOPLES R CHINA","PEOPLES R CHINA"
25958454,"1 CHANG TEH ST, TAIPEI 10048, TAIWAN","TAIWAN"
188,"1 CHARLES UNIV, DEPT ORAL MAXILLOFACIAL SURG, PRAGUE 12000, CZECH REPUBLIC","CZECH REPUBLIC"
25953798,"1 CHEMIN PEIROULET, F-30700 UZES, FRANCE","FRANCE"
25958179,"1 CHEMIN PETITS PRES, F-36260 LA FERTE, REUILLY, FRANCE","FRANCE"
25961454,"1 CHEMIN TONY GARNIER, F-69120 VAULX EN VELIN, FRANCE","FRANCE"
25956121,"1 CHESTNUT ST, PROVIDENCE, RI 02903 USA","USA"
25958221,"1 CHIDDENBROOK COTTAGES, CREDITON, ENGLAND","ENGLAND"
25958189,"1 CHIDDENBROOK COTTS, CREDITON, DEVON, ENGLAND","ENGLAND"
189,"1 CHU TROUSSEAU, SERV ORTHOPEDIE TRAUMATOL, F-37044 TOURS, FRANCE","FRANCE"
25958845,"1 CHUNGDAE RO, CHEONGJU 28644, CHUNGBUK, SOUTH KOREA","SOUTH KOREA"
25953275,"1 CHURCH ST,7TH FLOOR,SUITE 701, NEW HAVEN, CT 06511 USA","USA"
25961453,"1 CHURCH ST,SUITE 200, NEW HAVEN, CT 06510 USA","USA"
190,"1 CIAT INT CTR TROP AGR, CALI 6713, COLOMBIA","COLOMBIA"
191,"1 CIRCB MICROBIOL & IMMUNOL LAB, YAOUNDE, CAMEROON","CAMEROON"
192,"1 CITY CLIN HOSP, VITEBSK, BYELARUS","BYELARUS"
193,"1 CLIN CITY HOSP, DEPT TRAUMATOL ORTHOPAED, MOSCOW, RUSSIA","RUSSIA"
194,"1 CLIN GYNAECOL, MILAN, ITALY","ITALY"
195,"1 CLIN HOSP, MINSK, BYELARUS","BYELARUS"
196,"1 CLIN MED, DEPT INTERNAL MED & MED SPECIALTIES, I-00161 ROME, ITALY","ITALY"
197,"1 CLIN ORTHOPAED & TRAUMATOL, RIZZOLI ORTHOPAED INST, I-40136 BOLOGNA, ITALY","ITALY"
198,"1 CLIN OSTET GINECOL, MILAN, ITALY","ITALY"
199,"1 CLIN PEDIAT, CLIN PEDIAT DE MARCHI, I-20122 MILAN, ITALY","ITALY"
202,"1 CNRS IRD IFREMER, F-34095 MONTPELLIER, FRANCE","FRANCE"
200,"1 CNRS, UMR 7144, STN BIOL ROSCOFF, PL GEORGES TEISSIER, F-29680 ROSCOFF, FRANCE","FRANCE"
203,"1 COLL & MAIN, DEPT COMMUN, COLUMBUS, OH 43209 USA","USA"
25957837,"1 CONSERVATORIUM RD, SYDNEY, NSW 2000, AUSTRALIA","AUSTRALIA"
204,"1 CONSIGLIO NAZL RIC CNR, IVALSA IST VALORIZZAZ LEGNO & SPECIE ARBOREE, CATANIA, ITALY","ITALY"
205,"1 CONSTITUT CTR OCC 02 260L, BOSTON, MA 02129 USA","USA"
206,"1 CP PL PLLC, PLANO, TX USA","USA"
25948912,"1 CRAGWOOD RD,SUITE 3D, SOUTH PLAINFIELD, NJ 07080 USA","USA"
207,"1 CRAIGBRAE COTTAGES, AYR KA6 7EN, SCOTLAND","SCOTLAND"
25957604,"1 CRESSY RD, ALFRETON DE55 7BR, DERBY, ENGLAND","ENGLAND"
208,"1 CTR HOSP BAO DING CITY, DEPT ANESTHESIOL, BAODING 071000, HEBEI, PEOPLES R CHINA","PEOPLES R CHINA"
210,"1 CTR HOSP BAO DING CITY, DEPT CLIN LAB, BAODING 071000, HEBEI, PEOPLES R CHINA","PEOPLES R CHINA"
209,"1 CTR HOSP BAO DING CITY, DEPT ENDOCRINOL, BAODING 071000, HEBEI, PEOPLES R CHINA","PEOPLES R CHINA"
211,"1 CTR HOSP BAO DING CITY, DEPT ORTHOPED, BAODING 071000, HEBEI, PEOPLES R CHINA","PEOPLES R CHINA"
212,"1 CTR LEON BERARD, LYON, FRANCE","FRANCE"
25949153,"1 CYCLOTRON RD M-S 50A1148, BERKELEY, CA 94720 USA","USA"
25951300,"1 CYCLOTRON RD,90-4000, BERKELEY, CA 94720 USA","USA"
213,"1 DA HOSP, DEPT PATHOL, KAOHSIUNG, TAIWAN","TAIWAN"
214,"1 DAHILIYE KLIN, SB ISTANBUL EGITIM & ARASTIRMA HASTANESI, ISTANBUL, TURKEY","TURKEY"
25959273,"1 DAHUA RD, BEIJING 100730, PEOPLES R CHINA","PEOPLES R CHINA"
25956751,"1 DAI CO VIET ST, HANOI, VIETNAM","VIETNAM"
25955775,"1 DAI CO VIET, HANOI, VIETNAM","VIETNAM"
215,"1 DAQING WELL LOGGING CO, DIGITAL INTERPRETAT CTR, DAQING 163000, PEOPLES R CHINA","PEOPLES R CHINA"
219,"1 DECEMBER 1918 UNIV ALBA IULIA, ALBA IULIA, ROMANIA","ROMANIA"
220,"1 DECEMBER 1918 UNIV ALBA IULIA, FAC HIST & LETTERS, ALBA IULIA 510009, ROMANIA","ROMANIA"
221,"1 DECEMBER 1918 UNIV ALBA JULIA, DEPT EXACT SCI & ENGN, FAC EXACT SCI & ENGN, GABRIEL BETHLEN 5, ALBA JULIA 510009, ROMANIA","ROMANIA"
216,"1 DECEMBER 1918 UNIV, ALBA IULIA 510009, ROMANIA","ROMANIA"
218,"1 DECEMBER 1918 UNIV, DEPT SOCIOL & SOCIAL WORK, ALBA IULIA 510009, ROMANIA","ROMANIA"
217,"1 DECEMBER 1918 UNIV, FAC HIST & LETTERS, ALBA IULIA 510009, ROMANIA","ROMANIA"
223,"1 DECEMBIRE 1918 UNIV ALBA IULIA, DEPT MATH & COMP SCI, ALBA IULIA 510009, ROMANIA","ROMANIA"
224,"1 DECEMBRE 1918 UNIV ALBA IULIA, ALBA IULIA 510009, ROMANIA","ROMANIA"
225,"1 DECEMBRE 1918 UNIV ALBA JULIA, ALBA IULIA 510009, ROMANIA","ROMANIA"
281,"1 DECEMBRIE 1918 UNIV ALBA IULIA, 15-17 UNIRII ST, ALBA IULIA, ROMANIA","ROMANIA"
282,"1 DECEMBRIE 1918 UNIV ALBA IULIA, 5 GABRIEL BETHLEN ST, ALBA IULIA 510009, ROMANIA","ROMANIA"
285,"1 DECEMBRIE 1918 UNIV ALBA IULIA, 5 GABRIEL BETHLEN ST, ALBA IULIA, ROMANIA","ROMANIA"
289,"1 DECEMBRIE 1918 UNIV ALBA IULIA, 5 GABRIEL BETHLEN STR, ALBA IULIA 510009, ROMANIA","ROMANIA"
259,"1 DECEMBRIE 1918 UNIV ALBA IULIA, ALA JULIA, ROMANIA","ROMANIA"
265,"1 DECEMBRIE 1918 UNIV ALBA IULIA, ALBA IULIA 500009, ROMANIA","ROMANIA"
258,"1 DECEMBRIE 1918 UNIV ALBA IULIA, ALBA IULIA 510009, ALBA, ROMANIA","ROMANIA"
250,"1 DECEMBRIE 1918 UNIV ALBA IULIA, ALBA IULIA 510009, ROMANIA","ROMANIA"
253,"1 DECEMBRIE 1918 UNIV ALBA IULIA, ALBA IULIA 51009, ROMANIA","ROMANIA"
268,"1 DECEMBRIE 1918 UNIV ALBA IULIA, ALBA IULIA 510095, ROMANIA","ROMANIA"
249,"1 DECEMBRIE 1918 UNIV ALBA IULIA, ALBA IULIA, ROMANIA","ROMANIA"
244,"1 DECEMBRIE 1918 UNIV ALBA IULIA, ALBA JULIA 51009, ROMANIA","ROMANIA"
264,"1 DECEMBRIE 1918 UNIV ALBA IULIA, ALBA JULIA, ROMANIA","ROMANIA"
284,"1 DECEMBRIE 1918 UNIV ALBA IULIA, BUCHAREST, ROMANIA","ROMANIA"
283,"1 DECEMBRIE 1918 UNIV ALBA IULIA, DEPT EXACT SCI & ENGN, 11-13 NICOLAE IORGA ST, ALBA IULIA 510009, ROMANIA","ROMANIA"
276,"1 DECEMBRIE 1918 UNIV ALBA IULIA, DEPT EXACT SCI & ENGN, ALBA IULIA 510009, ROMANIA","ROMANIA"
277,"1 DECEMBRIE 1918 UNIV ALBA IULIA, DEPT FINANCE & ACCOUNTING, FAC SCI, ALBA IULIA, ROMANIA","ROMANIA"
247,"1 DECEMBRIE 1918 UNIV ALBA IULIA, DEPT HIST, ALBA IULIA 510009, ROMANIA","ROMANIA"
298,"1 DECEMBRIE 1918 UNIV ALBA IULIA, DEPT HIST, ALBA IULIA, ROMANIA","ROMANIA"
266,"1 DECEMBRIE 1918 UNIV ALBA IULIA, DEPT LAW, FAC LAW & SOCIAL SCI, ALBA IULIA, ROMANIA","ROMANIA"
246,"1 DECEMBRIE 1918 UNIV ALBA IULIA, DEPT MATH & COMP SCI, ALBA IULIA 510009, ROMANIA","ROMANIA"
260,"1 DECEMBRIE 1918 UNIV ALBA IULIA, DEPT MATH, ALBA IULIA 510000, ROMANIA","ROMANIA"
280,"1 DECEMBRIE 1918 UNIV ALBA IULIA, DEPT MATH, ALBA IULIA 510009, ALBA, ROMANIA","ROMANIA"
248,"1 DECEMBRIE 1918 UNIV ALBA IULIA, DEPT MATH, ALBA IULIA 510009, ROMANIA","ROMANIA"
245,"1 DECEMBRIE 1918 UNIV ALBA IULIA, DEPT MATH, ALBA IULIA, ROMANIA","ROMANIA"
279,"1 DECEMBRIE 1918 UNIV ALBA IULIA, DEPT MATH, ALBA JULIA, ROMANIA","ROMANIA"
256,"1 DECEMBRIE 1918 UNIV ALBA IULIA, DEPT MATH, FAC SCI, ALBA IULIA 510009, ROMANIA","ROMANIA"
290,"1 DECEMBRIE 1918 UNIV ALBA IULIA, DEPT MATH, N IORGA 11-13, ALBA IULIA 510009, ALBA, ROMANIA","ROMANIA"
291,"1 DECEMBRIE 1918 UNIV ALBA IULIA, DEPT MATH, N IORGA ST 11-13, ALBA IULIA 510009, ROMANIA","ROMANIA"
293,"1 DECEMBRIE 1918 UNIV ALBA IULIA, DEPT MATH, N IORGA ST 1143, ALBA IULIA, ROMANIA","ROMANIA"
292,"1 DECEMBRIE 1918 UNIV ALBA IULIA, DEPT MATH, ST NICOLAE IORGA 11-13, R-510000 ALBA IULIA, ALBA, ROMANIA","ROMANIA"
286,"1 DECEMBRIE 1918 UNIV ALBA IULIA, DEPT MATH, STR N IORGA 11-13, R-510009 ALBA IULIA, ROMANIA","ROMANIA"
271,"1 DECEMBRIE 1918 UNIV ALBA IULIA, DEPT THEOL, ALBA IULIA, ROMANIA","ROMANIA"
251,"1 DECEMBRIE 1918 UNIV ALBA IULIA, DEPT TOPOG, ALBA IULIA 510009, ROMANIA","ROMANIA"
299,"1 DECEMBRIE 1918 UNIV ALBA IULIA, FAC ECON ALBA IULIA, ALBA IULIA, ROMANIA","ROMANIA"
303,"1 DECEMBRIE 1918 UNIV ALBA IULIA, FAC ECON, 11-13 NICOLAE IORGA ST, ALBA IULIA, ROMANIA","ROMANIA"
300,"1 DECEMBRIE 1918 UNIV ALBA IULIA, FAC EXACT SCI & ENGN, 11-13 NICOLAE IORGA ST, ALBA IULIA, ROMANIA","ROMANIA"
301,"1 DECEMBRIE 1918 UNIV ALBA IULIA, FAC EXACT SCI & ENGN, 11-13 NICOLAE IORGA ST, ALBA JULIA 510009, ROMANIA","ROMANIA"
302,"1 DECEMBRIE 1918 UNIV ALBA IULIA, FAC EXACT SCI & ENGN, 11-13 UNIRII ST, ALBA IULIA, ROMANIA","ROMANIA"
296,"1 DECEMBRIE 1918 UNIV ALBA IULIA, FAC EXACT SCI & ENGN, DEPT MATH, ALBA IULIA 510009, ROMANIA","ROMANIA"
261,"1 DECEMBRIE 1918 UNIV ALBA IULIA, FAC HIST & PHILOSOPHY, ALBA IULIA 510009, ROMANIA","ROMANIA"
305,"1 DECEMBRIE 1918 UNIV ALBA IULIA, FAC LAW & SOCIAL SCI, ALBA IULIA, ROMANIA","ROMANIA"
294,"1 DECEMBRIE 1918 UNIV ALBA IULIA, FAC SCI DECEMBRIE 1918 1, DEPT MATH INFORMAT, ALBA IULIA 510009, ROMANIA","ROMANIA"
304,"1 DECEMBRIE 1918 UNIV ALBA IULIA, FAC SCI, 11-13 NICOLAE IORGA ST, ALBA IULIA 510009, ROMANIA","ROMANIA"
254,"1 DECEMBRIE 1918 UNIV ALBA IULIA, FAC SCI, ALBA IULIA 510009, ROMANIA","ROMANIA"
252,"1 DECEMBRIE 1918 UNIV ALBA IULIA, FAC SCI, ALBA IULIA 51009, ROMANIA","ROMANIA"
274,"1 DECEMBRIE 1918 UNIV ALBA IULIA, FAC SCI, ALBA IULIA, ROMANIA","ROMANIA"
272,"1 DECEMBRIE 1918 UNIV ALBA IULIA, FAC SCI, DEPT MATH & COMP SCI, ALBA 510009, ROMANIA","ROMANIA"
262,"1 DECEMBRIE 1918 UNIV ALBA IULIA, FAC SCI, DEPT MATH, ALBA IULIA 510009, ROMANIA","ROMANIA"
287,"1 DECEMBRIE 1918 UNIV ALBA IULIA, FAC SCI, DEPT MATH, ST NICOLAE IORGA 11-13, R-510009 ALBA IULIA, ALBA, ROMANIA","ROMANIA"
275,"1 DECEMBRIE 1918 UNIV ALBA IULIA, FAC SCI, RO-510009 ALBA IULIA, ROMANIA","ROMANIA"
270,"1 DECEMBRIE 1918 UNIV ALBA IULIA, RES DEPT, ALBA IULIA, ROMANIA","ROMANIA"
255,"1 DECEMBRIE 1918 UNIV ALBA IULIA, SOCIOL & SOCIAL WORK DEPT, ALBA IULIA, ROMANIA","ROMANIA"
269,"1 DECEMBRIE 1918 UNIV ALBA IULIA, SYST ARCHAEOL INST, ALBA IULIA 510010, ROMANIA","ROMANIA"
311,"1 DECEMBRIE 1918 UNIV ALBA JULIA, ALBA IULIA 510009, ROMANIA","ROMANIA"
308,"1 DECEMBRIE 1918 UNIV ALBA JULIA, ALBA IULIA, ROMANIA","ROMANIA"
306,"1 DECEMBRIE 1918 UNIV ALBA JULIA, ALBA JULIA 510009, ALBA COUNTY, ROMANIA","ROMANIA"
312,"1 DECEMBRIE 1918 UNIV ALBA JULIA, ALBA JULIA, ROMANIA","ROMANIA"
309,"1 DECEMBRIE 1918 UNIV ALBA JULIA, FAC EXACT SCI & ENGN, ALBA IULIA, ROMANIA","ROMANIA"
307,"1 DECEMBRIE 1918 UNIV ALBA JULIA, FAC SCI, ALBA IULIA, ROMANIA","ROMANIA"
310,"1 DECEMBRIE 1918 UNIV ALBA JULIA, FAC SCI, ALBA JULIA 510009, ROMANIA","ROMANIA"
313,"1 DECEMBRIE 1918 UNIV ALBA LULIA, DEPT MATH & INFORMAT, RO-510009 ALBA LULIA, ROMANIA","ROMANIA"
314,"1 DECEMBRIE 1918 UNIV ALBAIULIA, STR GABRIEL BETHLEN 5, ALBA LULIA 510009, ROMANIA","ROMANIA"
240,"1 DECEMBRIE 1918 UNIV, ALBA IULIA 51009, ROMANIA","ROMANIA"
241,"1 DECEMBRIE 1918 UNIV, ALBA IULIA, ROMANIA","ROMANIA"
237,"1 DECEMBRIE 1918 UNIV, DEPT ARCHAEOL, ALBA IULIA, ROMANIA","ROMANIA"
227,"1 DECEMBRIE 1918 UNIV, DEPT COMP SCI, ALBA IULIA 2500, ROMANIA","ROMANIA"
235,"1 DECEMBRIE 1918 UNIV, DEPT MATH, ALBA IULIA 510009, ROMANIA","ROMANIA"
239,"1 DECEMBRIE 1918 UNIV, DEPT MATH, ALBA IULIA, ROMANIA","ROMANIA"
232,"1 DECEMBRIE 1918 UNIV, DEPT MATH, ALBA LULIA, ROMANIA","ROMANIA"
230,"1 DECEMBRIE 1918 UNIV, DEPT TOPOG, ALBA IULIA 510009, ROMANIA","ROMANIA"
234,"1 DECEMBRIE 1918 UNIV, DEPT TOPOG, ALBA LULIA 510009, ROMANIA","ROMANIA"
236,"1 DECEMBRIE 1918 UNIV, FAC HIST & PHILOL, ALBA IULIA 510009, ROMANIA","ROMANIA"
242,"1 DECEMBRIE 1918 UNIV, FAC SCI, DEPT TOPOG, ALBA IULIA 510009, ROMANIA","ROMANIA"
238,"1 DECEMBRIE 1918 UNIV, FAC SCI, RO-510009 ALBA IULIA, ROMANIA","ROMANIA"
231,"1 DECEMBRIE 1918 UNIV, INST SYST ARCHAEOL, ALBA LULIA, ROMANIA","ROMANIA"
226,"1 DECEMBRIE 1918 UNIV, MULTI USERS RES CTR, ALBA IULIA 510010, ROMANIA","ROMANIA"
228,"1 DECEMBRIE 1918 UNIV, MULTIUSERS RES CTR, ALBA IULIA 510010, ROMANIA","ROMANIA"
229,"1 DECEMBRIE 1918 UNIV, SYST ARCHAEOL INST, ALBA IULIA 510010, ROMANIA","ROMANIA"
233,"1 DECEMBRIE 1918 UNIV, SYST ARCHAEOL INST, RO-510010 ALBA IULIA, ROMANIA","ROMANIA"
392,"1 DECEMBRIE UNIV ALBA JULIA, ALBA JULIA, ROMANIA","ROMANIA"
358,"1 DECEMBRIE UNIV, ALBA IULIA, ROMANIA","ROMANIA"
336,"1 DECEMBRIE UNIV, ALBA LULIA 510009, ROMANIA","ROMANIA"
433,"1 DECEMBRIE1918 UNIV ALBA IULIA, ALBA IULIA 51009, ROMANIA","ROMANIA"
434,"1 DEF SERV GEN HOSP, DEPT OPHTHALMOL, YANGON, MYANMAR","MYANMAR"
435,"1 DEMOCRITUS UNIV THRACE, MICROWAVES LAB XANTHI, DEPT ELECT & COMP ENGN, GR-67100 XANTHI, GREECE","GREECE"
437,"1 DEPT CARDIOANESTHESIOL, KATOWICE, POLAND","POLAND"
438,"1 DEPT CARDIOL, KATOWICE, POLAND","POLAND"
439,"1 DEPT CARDIOSURG, KATOWICE, POLAND","POLAND"
440,"1 DEPT PROPAEDEUT SURG, DIV VASC SURG, ATHENS, GREECE","GREECE"
25960725,"1 DERBY ST, KEW, VIC 3101, AUSTRALIA","AUSTRALIA"
441,"1 DERMATOL CLIN, SEOUL, SOUTH KOREA","SOUTH KOREA"
442,"1 DERMOPATICO DELL IMMACOLATA, ROME, ITALY","ITALY"
25955540,"1 DISCOVERY DR, SWIFTWATER, PA 18370 USA","USA"
443,"1 DIV INFECT DIS H LUIGI SACCO, MILAN, ITALY","ITALY"
444,"1 DIV ORTOPEDIA & TRAUMATOL, BOLOGNA, ITALY","ITALY"
445,"1 DIV STATE HYDRAUL WORKS BURSA, TR-16372 DUACINARI, BURSA, TURKEY","TURKEY"
446,"1 DOKUZ EYLUL UNIV HOSP, DEPT PEDIAT, DIV ALLERGY, IZMIR, TURKEY","TURKEY"
448,"1 DOMPE SPA, LAQUILA, ITALY","ITALY"
25953636,"1 DONGSAN RD, CHENGDU 610059, SICHUAN, PEOPLES R CHINA","PEOPLES R CHINA"
449,"1 DR RML HOSP, DEPT DERMATOL, NEW DELHI, INDIA","INDIA"
25957806,"1 DRIFT RD, ZA-7780 CAPE TOWN, SOUTH AFRICA","SOUTH AFRICA"
450,"1 DRILLING CO, LIAOHE PETR EXPLORAT BUR, LIAONING, PEOPLES R CHINA","PEOPLES R CHINA"
25958989,"1 EAST JIAN SHE RD, ZHENGZHOU 450052, HENAN, PEOPLES R CHINA","PEOPLES R CHINA"
25955184,"1 EASTVIEW DR,7, WATERVLIET, NY 12189 USA","USA"
25956615,"1 EDWARDS RD, PORTLAND, CT 06480 USA","USA"
451,"1 EISAI PHARMACEUT INDIA PRIVATE LTD, MUMBAI, MAHARASHTRA, INDIA","INDIA"
452,"1 ELECT & TELECOMMUN RES INST, TAEJON 305350, SOUTH KOREA","SOUTH KOREA"
456,"1 EMERGENCY CTY HOSP CRAIOVA, PATHOL LAB, CRAIOVA, ROMANIA","ROMANIA"
453,"1 EMERGENCY CTY HOSP, CRAIOVA 200349, ROMANIA","ROMANIA"
454,"1 EMERGENCY CTY HOSP, CRAIOVA, ROMANIA","ROMANIA"
455,"1 EMERGENCY CTY HOSP, DEPT PATHOL, TIMISOARA, ROMANIA","ROMANIA"
457,"1 EPISKIN ACAD, LYON, FRANCE","FRANCE"
458,"1 EUROPEA ROMA, ROME, ITALY","ITALY"
459,"1 FAC MED, DEPT MED 3, PRAGUE, CZECH REPUBLIC","CZECH REPUBLIC"
461,"1 FAC MED, DEPT ONCOL, PRAGUE, CZECH REPUBLIC","CZECH REPUBLIC"
460,"1 FAC MED, DEPT SPORTS MED, PRAGUE, CZECH REPUBLIC","CZECH REPUBLIC"
462,"1 FAC MED, NEUROL, PRAGUE 2, CZECH REPUBLIC","CZECH REPUBLIC"
463,"1 FAC SCI TECHNOL & HUMAN DEV, RES CTR COMPUTAT MATH, JOHOR BAHARU, MALAYSIA","MALAYSIA"
25949350,"1 FACEBOOK WAY, MENLO PK, CA 94025 USA","USA"
464,"1 FARZANEGAN HIGH SCH, TEHRAN, IRAN","IRAN"
465,"1 FED UNIV MINAS GERAIS 2 3, ICVS PT GOVT ASSOCIATE LAB 3 3BS, DEPT BIOCHEM & IMMUNOL 2, UNIV MINHO, BELO HORIZONTE, MG, BRAZIL","BRAZIL"
468,"1 FIELD AMBULANCE EDMONTON, EDMONTON, AB, CANADA","CANADA"
25962095,"1 FRANCIS CRICK AVE,CAMBRIDGE BIOMED CAMPUS, CAMBRIDGE CB2 0AA, ENGLAND","ENGLAND"
469,"1 FRANKO UNIV, DEPT INORGAN CHEM, UA-290005 LVIV, UKRAINE","UKRAINE"
470,"1 FRAUENKLIN TUBINGEN, TUBINGEN, GERMANY","GERMANY"
471,"1 FUSHUN PETR FACTORY, FUSHUN, LIAONING, PEOPLES R CHINA","PEOPLES R CHINA"
25956114,"1 FUSIONOPOLIS WAY,21-01 CONNEXIS,SOUTH TOWER, SINGAPORE 138632, SINGAPORE","SINGAPORE"
472,"1 GAS PROD PLANT PETROCHINA CHANGQING OILFIELD CO, YINCHUAN 750006, PEOPLES R CHINA","PEOPLES R CHINA"
473,"1 GEN HOSP, NEMOCNICE 2, PRAGUE 12800, CZECH REPUBLIC","CZECH REPUBLIC"
474,"1 GENEL CERRAHI KLIN, KARTAL EGITIM & ARASTIRMA HASTANESI, TR-34865 CEVIZLI, KARTAL ISTANBUL, TURKEY","TURKEY"
25960628,"1 GENENTECH DNA WAY, SAN FRANCISCO, CA 94080 USA","USA"
475,"1 GEOL & MINERAL EXPLORAT INST SHANDONG PROV, JINAN 250100, PEOPLES R CHINA","PEOPLES R CHINA"
476,"1 GEOL EXPLORAT INST HENAN PROV, ZHENGZHOU 450000, PEOPLES R CHINA","PEOPLES R CHINA"
477,"1 GEOL EXPLORAT INST HENAN PROV, ZHENGZHOU 450001, HENAN, PEOPLES R CHINA","PEOPLES R CHINA"
478,"1 GEOL PARTY XINJIANG BUR GEOL & MINERAL EXPLORAT, CHANGJI 831100, PEOPLES R CHINA","PEOPLES R CHINA"
479,"1 GEOL PARTY ZHEJIANG PROV, HANGZHOU 310000, ZHEJIANG, PEOPLES R CHINA","PEOPLES R CHINA"
480,"1 GEOL SURVEYING INST XINJIANG SURVEYS GEOL, URUMQI 830011, PEOPLES R CHINA","PEOPLES R CHINA"
481,"1 GOLD GEOL DETACHMENT CHINESE PEOPLES ARMED POLI, MUDANJIANG, PEOPLES R CHINA","PEOPLES R CHINA"
25961979,"1 GONGJIAPING EAST RD, LANZHOU 730050, GANSU, PEOPLES R CHINA","PEOPLES R CHINA"
25956949,"1 GOOD SHED RD, CHENNAI 600088, TAMIL NADU, INDIA","INDIA"
25962074,"1 GRAND AVE, SAN LUIS OBISPO, CA 93407 USA","USA"
25950149,"1 GWANAK RO, SEOUL 08826, SOUTH KOREA","SOUTH KOREA"
25952619,"1 HAIDA SOUTH RD, ZHOUSHAN, ZHEJIANG, PEOPLES R CHINA","PEOPLES R CHINA"
25958476,"1 HAWKLEY RD, LISS GU33 6JJ, HANTS, ENGLAND","ENGLAND"
482,"1 HEEL INC, ALBUQUERQUE, NM USA","USA"
487,"1 HIGH SCH BAODING CITY HEBEI PROV, BAODING 071002, PEOPLES R CHINA","PEOPLES R CHINA"
486,"1 HIGH SCH BAODING, BAODING 071000, HEBEI PROVINCE, PEOPLES R CHINA","PEOPLES R CHINA"
485,"1 HIGH SCH BAODING, BAODING 071001, PEOPLES R CHINA","PEOPLES R CHINA"
484,"1 HIGH SCH BAODING, BAODING 071002, PEOPLES R CHINA","PEOPLES R CHINA"
488,"1 HIGH SCH DEZHOU, DEZHOU 253000, PEOPLES R CHINA","PEOPLES R CHINA"
492,"1 HIGH SCH HUAIBEI ANHUI, HUAIBEI 235000, PEOPLES R CHINA","PEOPLES R CHINA"
491,"1 HIGH SCH HUAIBEI, HUAIBEI 235000, ANHUI, PEOPLES R CHINA","PEOPLES R CHINA"
489,"1 HIGH SCH HUAIBEI, HUAIBEI 235000, PEOPLES R CHINA","PEOPLES R CHINA"
490,"1 HIGH SCH HUAIBEI, HUAIBEI, PEOPLES R CHINA","PEOPLES R CHINA"
493,"1 HIGH SCH HUOJIA, XINXIANG 453800, HENAN, PEOPLES R CHINA","PEOPLES R CHINA"
494,"1 HIGH SCH JIMO, CULTURE RD, JIMO 266200, QINDAO, PEOPLES R CHINA","PEOPLES R CHINA"
495,"1 HIGH SCH SHIJIAZHUANG, SHIJIAZHUANG 050011, PEOPLES R CHINA","PEOPLES R CHINA"
496,"1 HIGH SCH SHUNDE, DEPT PHYS, FOSHAN 528300, PEOPLES R CHINA","PEOPLES R CHINA"
497,"1 HIGH SCH ZHANGBEI, ZHANGJIAKOU 076450, PEOPLES R CHINA","PEOPLES R CHINA"
483,"1 HIGH SCH, KUNMING, YUNNAN, PEOPLES R CHINA","PEOPLES R CHINA"
498,"1 HITIT UNIV, CORUM TRAINING & RES HOSP, DEPT UROL, CORUM, TURKEY","TURKEY"
518,"1 HOSP BAODING CITY, BAODING CITY, HEBEI PROVINCE, PEOPLES R CHINA","PEOPLES R CHINA"
517,"1 HOSP BAODING, DEPT HEMATOL, BAODING, PEOPLES R CHINA","PEOPLES R CHINA"
519,"1 HOSP BEIJING UNIV, BEIJING, PEOPLES R CHINA","PEOPLES R CHINA"
520,"1 HOSP CHANGSHA CITY, DEPT OTOLARYNGOL, CHANGSHA 410013, HUNAN, PEOPLES R CHINA","PEOPLES R CHINA"
521,"1 HOSP CHENZHOU, DEPT GASTROENTEROL, CHENZHOU, PEOPLES R CHINA","PEOPLES R CHINA"
527,"1 HOSP CHINA MED UNIV, DEPT DERMATOL, HARBIN, PEOPLES R CHINA","PEOPLES R CHINA"
529,"1 HOSP CHINA MED UNIV, DEPT DERMATOL, SHENYANG 110001, LIAONING, PEOPLES R CHINA","PEOPLES R CHINA"
523,"1 HOSP CHINA MED UNIV, DEPT DERMATOL, SHENYANG 110001, PEOPLES R CHINA","PEOPLES R CHINA"
526,"1 HOSP CHINA MED UNIV, DEPT DERMATOL, SHENYANG, LIAONING, PEOPLES R CHINA","PEOPLES R CHINA"
525,"1 HOSP CHINA MED UNIV, DEPT DERMATOL, SHENYANG, PEOPLES R CHINA","PEOPLES R CHINA"
524,"1 HOSP CHINA MED UNIV, DEPT NUCL MED, SHENYANG, LIAONING, PEOPLES R CHINA","PEOPLES R CHINA"
528,"1 HOSP CHINA MED UNIV, SHENYANG 110001, PEOPLES R CHINA","PEOPLES R CHINA"
522,"1 HOSP CHINA, DEPT DERMATOL, BEIJING, PEOPLES R CHINA","PEOPLES R CHINA"
530,"1 HOSP CHONGQING MED UNIV, CHONGQING, PEOPLES R CHINA","PEOPLES R CHINA"
531,"1 HOSP DALI CITY, DALI CITY, YUNNAN PROVINCE, PEOPLES R CHINA","PEOPLES R CHINA"
532,"1 HOSP DALIAN JINZHOU, DALIAN 116016, PEOPLES R CHINA","PEOPLES R CHINA"
533,"1 HOSP DERMATOL, DERMATOL, SHENYANG, PEOPLES R CHINA","PEOPLES R CHINA"
534,"1 HOSP FANGSHAN DIST, DEPT OPHTHALMOL, BEIJING, PEOPLES R CHINA","PEOPLES R CHINA"
538,"1 HOSP JIAXING CITY, DEPT BURN & PLAST SURG, JIAXING, ZHEJIANG, PEOPLES R CHINA","PEOPLES R CHINA"
537,"1 HOSP JIAXING CITY, DEPT GEN SURG, JIAXING 314001, ZHEJIANG, PEOPLES R CHINA","PEOPLES R CHINA"
536,"1 HOSP JIAXING, DEPT ONCOL, JIAXING, ZHEJIANG, PEOPLES R CHINA","PEOPLES R CHINA"
535,"1 HOSP JIAXING, DEPT UROL, JIAXING, ZHEJIANG, PEOPLES R CHINA","PEOPLES R CHINA"
539,"1 HOSP JILIN UNIV, CHANGCHUN, PEOPLES R CHINA","PEOPLES R CHINA"
540,"1 HOSP JINING CITY, DEPT CARDIOTHORAC SURG, 6 JIANKANG RD, JINING CITY 272011, SHANDONG, PEOPLES R CHINA","PEOPLES R CHINA"
542,"1 HOSP JINING CITY, DEPT PATHOL, 6 JIANKANG RD, JINING CITY 272011, SHANDONG, PEOPLES R CHINA","PEOPLES R CHINA"
541,"1 HOSP JINING CITY, DEPT PATHOL, 6,JIANKANG RD, JINING CITY 272011, SHANDONG, PEOPLES R CHINA","PEOPLES R CHINA"
543,"1 HOSP LIANYUNGANG, JIANGSU 222002, LIANYUNGANG, PEOPLES R CHINA","PEOPLES R CHINA"
544,"1 HOSP LONG QUAN YI DIST, DEPT PAEDIAT, CHENGDU 610041, SICHUAN, PEOPLES R CHINA","PEOPLES R CHINA"
545,"1 HOSP LONG QUAN YI DIST, DEPT RESPIRAT INTERNAL MED, CHENGDU 610041, SICHUAN, PEOPLES R CHINA","PEOPLES R CHINA"
546,"1 HOSP LONGNAN CITY, LONGNAN 746000, PEOPLES R CHINA","PEOPLES R CHINA"
547,"1 HOSP LONGYAN CITY FUJIAN, LONGYAN, PEOPLES R CHINA","PEOPLES R CHINA"
548,"1 HOSP MARQUES DE VALDECILLA, SANTANDER 39008, CANTABRIA, SPAIN","SPAIN"
552,"1 HOSP NINGBO, DEPT NEUROSURG, NINGBO 315010, ZHEJIANG, PEOPLES R CHINA","PEOPLES R CHINA"
550,"1 HOSP NINGBO, DEPT NEUROSURG, NINGBO, ZHEJIANG, PEOPLES R CHINA","PEOPLES R CHINA"
551,"1 HOSP NINGBO, DEPT RADIOL, NINGBO 315010, ZHEJIANG, PEOPLES R CHINA","PEOPLES R CHINA"
549,"1 HOSP NINGBO, DEPT RADIOL, NINGBO, ZHEJIANG, PEOPLES R CHINA","PEOPLES R CHINA"
553,"1 HOSP PEKING UNIV, BEIJING, PEOPLES R CHINA","PEOPLES R CHINA"
554,"1 HOSP PEOPLES LIBERAT ARMY, LANZHOU 730000, PEOPLES R CHINA","PEOPLES R CHINA"
556,"1 HOSP PLA, DEPT ENDOCRINOL, LANZHOU 730000, GANSU, PEOPLES R CHINA","PEOPLES R CHINA"
555,"1 HOSP PLA, DEPT GEN SURG, LANZHOU 730000, PEOPLES R CHINA","PEOPLES R CHINA"
557,"1 HOSP PLA, DEPT PHARM, LANZHOU, GANSU, PEOPLES R CHINA","PEOPLES R CHINA"
561,"1 HOSP QINHUANGDAO CITY, QINHUANGDAO 066000, HEBEI PROVINCE, PEOPLES R CHINA","PEOPLES R CHINA"
560,"1 HOSP QINHUANGDAO, DEPT ANESTHESIA, QINHUANGDAO 066004, PEOPLES R CHINA","PEOPLES R CHINA"
559,"1 HOSP QINHUANGDAO, QINHUANGDAO 066000, PEOPLES R CHINA","PEOPLES R CHINA"
558,"1 HOSP QINHUANGDAO, QINHUANGDAO, PEOPLES R CHINA","PEOPLES R CHINA"
562,"1 HOSP SHANGHAI, DEPT NEPHROL, SHANGHAI, PEOPLES R CHINA","PEOPLES R CHINA"
563,"1 HOSP SHANXI MED UNIV, TAIYUAN, SHANXI, PEOPLES R CHINA","PEOPLES R CHINA"
564,"1 HOSP SHIJIAZHUANG, DEPT ANESTHESIOL 2, SHIJIAZHUANG, PEOPLES R CHINA","PEOPLES R CHINA"
565,"1 HOSP SHIJIAZHUANG, DEPT ORTHOPAED, 36,FAN XI RD, SHIJIAZHUANG 050011, HEBEI, PEOPLES R CHINA","PEOPLES R CHINA"
566,"1 HOSP SHIJIAZHUANG, SHIJIAZHUANG, HEBEI, PEOPLES R CHINA","PEOPLES R CHINA"
567,"1 HOSP SOCIAL SECURITY SERV, DEPT NEUROL, ATHENS, GREECE","GREECE"
568,"1 HOSP SUQIAN, DEPT CARDIOL, SUQIAN 223800, JIANGSU, PEOPLES R CHINA","PEOPLES R CHINA"
569,"1 HOSP SUZHOU, SUZHOU, JIANGSU, PEOPLES R CHINA","PEOPLES R CHINA"
581,"1 HOSP WUHAN CITY, DEPT UROL, WUHAN, PEOPLES R CHINA","PEOPLES R CHINA"
574,"1 HOSP WUHAN, CLIN CTR INFECT SKIN DIS, DEPT DERMATOL, WUHAN, HUBEI, PEOPLES R CHINA","PEOPLES R CHINA"
576,"1 HOSP WUHAN, CTR INFECT SKIN DIS, DEPT DERMATOL, WUHAN, PEOPLES R CHINA","PEOPLES R CHINA"
580,"1 HOSP WUHAN, CTR REPROD MED, WUHAN, HUBEI, PEOPLES R CHINA","PEOPLES R CHINA"
579,"1 HOSP WUHAN, CTR REPROD MED, WUHAN, PEOPLES R CHINA","PEOPLES R CHINA"
572,"1 HOSP WUHAN, DEPT DERMATOL, CTR INFECT SKIN DIS, WUHAN, PEOPLES R CHINA","PEOPLES R CHINA"
578,"1 HOSP WUHAN, DEPT DERMATOL, WUHAN, PEOPLES R CHINA","PEOPLES R CHINA"
570,"1 HOSP WUHAN, DEPT MINIINVAS SURG, WUHAN, PEOPLES R CHINA","PEOPLES R CHINA"
571,"1 HOSP WUHAN, DEPT PHARM, WUHAN, PEOPLES R CHINA","PEOPLES R CHINA"
582,"1 HOSP WUHUAN, WUHAN, PEOPLES R CHINA","PEOPLES R CHINA"
583,"1 HOSP WUXI, CENT LAB, JIANGSU, PEOPLES R CHINA","PEOPLES R CHINA"
584,"1 HOSP WUXI, CENT LAB, WUXI 214002, JIANGSU, PEOPLES R CHINA","PEOPLES R CHINA"
599,"1 HOSP XIAN CITY, DEPT CARDIOVASC MED, XIAN 710002, SHAANXI, PEOPLES R CHINA","PEOPLES R CHINA"
598,"1 HOSP XIAN CITY, DEPT OPHTHALMOL, XIAN 710002, SHANXI, PEOPLES R CHINA","PEOPLES R CHINA"
600,"1 HOSP XIAN CITY, EMERGENCY DEPT, XIAN 710002, SHAANXI, PEOPLES R CHINA","PEOPLES R CHINA"
602,"1 HOSP XIAN CITY, FEN XIANG 30,SOUTH AVE, XIAN 710002, SHANGXI PROVINC, PEOPLES R CHINA","PEOPLES R CHINA"
597,"1 HOSP XIAN CITY, XIAN 710002, PEOPLES R CHINA","PEOPLES R CHINA"
601,"1 HOSP XIAN CITY, XIAN 710068, PEOPLES R CHINA","PEOPLES R CHINA"
603,"1 HOSP XIAN CITY, XIAN 710068, SHAANXI, PEOPLES R CHINA","PEOPLES R CHINA"
595,"1 HOSP XIAN, DEPT ANESTHESIOL, FEN RD 30,SOUTH ST, XIAN 710002, PEOPLES R CHINA","PEOPLES R CHINA"
587,"1 HOSP XIAN, DEPT GASTROENTEROL, XIAN 710002, PEOPLES R CHINA","PEOPLES R CHINA"
592,"1 HOSP XIAN, DEPT INTERNAL MED, XIAN, PEOPLES R CHINA","PEOPLES R CHINA"
594,"1 HOSP XIAN, DEPT OPHTHALMOL, FEN RD 30,SOUTH ST, XIAN, SHAANXI PROVINC, PEOPLES R CHINA","PEOPLES R CHINA"
588,"1 HOSP XIAN, DEPT OPHTHALMOL, XIAN 710002, PEOPLES R CHINA","PEOPLES R CHINA"
589,"1 HOSP XIAN, DEPT OPHTHALMOL, XIAN 710062, SHAANXI, PEOPLES R CHINA","PEOPLES R CHINA"
596,"1 HOSP XIAN, DEPT OPHTHALMOL, XIAN, SHAANXI, PEOPLES R CHINA","PEOPLES R CHINA"
591,"1 HOSP XIAN, DEPT PHARM, XIAN 710002, SHAANXI, PEOPLES R CHINA","PEOPLES R CHINA"
593,"1 HOSP XIAN, FEN RD 30,SOUTH ST, XIAN 710002, SHAANXI, PEOPLES R CHINA","PEOPLES R CHINA"
585,"1 HOSP XIAN, XIAN 710002, SHAANXI PROVINC, PEOPLES R CHINA","PEOPLES R CHINA"
590,"1 HOSP XIAN, XIAN, PEOPLES R CHINA","PEOPLES R CHINA"
586,"1 HOSP XIAN, XIAN, SHAANXI PROVINC, PEOPLES R CHINA","PEOPLES R CHINA"
604,"1 HOSP XIANGYANG, XIANGYANG 441000, HUBEI, PEOPLES R CHINA","PEOPLES R CHINA"
605,"1 HOSP YANCHENG, DEPT NEUROL, YANCHENG 224001, JIANGSU, PEOPLES R CHINA","PEOPLES R CHINA"
606,"1 HOSP YICHANG, DEPT GASTROENTEROL, YICHANG 443000, PEOPLES R CHINA","PEOPLES R CHINA"
608,"1 HOSP ZHANGJIAKOU, DEPT RADIOL, ZHANGJIAKOU 075000, HEBEI PROVINCE, PEOPLES R CHINA","PEOPLES R CHINA"
607,"1 HOSP ZHANGJIAKOU, DEPT RADIOL, ZHANGJIAKOU 075000, HEBEI, PEOPLES R CHINA","PEOPLES R CHINA"
611,"1 HOSP ZHUZHOU CITY, MED EXAMINAT CTR, ZHUZHOU 421000, HUNAN, PEOPLES R CHINA","PEOPLES R CHINA"
610,"1 HOSP ZHUZHOU CITY, ZHUZHOU, HUNAN, PEOPLES R CHINA","PEOPLES R CHINA"
609,"1 HOSP ZHUZHOU, ZHUZHOU 412000, HUNAN, PEOPLES R CHINA","PEOPLES R CHINA"
613,"1 HOSP ZIBO MUNICIPAL, DEPT HEMATOL, ZIBO, PEOPLES R CHINA","PEOPLES R CHINA"
612,"1 HOSP ZIBO, ZIBO, SHANDONG, PEOPLES R CHINA","PEOPLES R CHINA"
509,"1 HOSP, CHANGCHUN, PEOPLES R CHINA","PEOPLES R CHINA"
512,"1 HOSP, DEPT DERMATOL & VENEROL, HEFEI, PEOPLES R CHINA","PEOPLES R CHINA"
502,"1 HOSP, DEPT DERMATOL, HEFEI, PEOPLES R CHINA","PEOPLES R CHINA"
514,"1 HOSP, DEPT ENDOCRINOL, WUHAN, HUBEI PROVINCE, PEOPLES R CHINA","PEOPLES R CHINA"
500,"1 HOSP, DEPT PATHOL, LIANYUNGANG 222002, JIANGSU PROVINC, PEOPLES R CHINA","PEOPLES R CHINA"
506,"1 HOSP, GEN SURG INST, INST CANC, LAB 4, SHENYANG, LIAONING, PEOPLES R CHINA","PEOPLES R CHINA"
503,"1 HOSP, GEN SURG INST, INST CANC, LAB 4, SHENYANG, PEOPLES R CHINA","PEOPLES R CHINA"
516,"1 HOSP, HEFEI, PEOPLES R CHINA","PEOPLES R CHINA"
501,"1 HOSP, INST DERMATOL, HEFEI, PEOPLES R CHINA","PEOPLES R CHINA"
510,"1 HOSP, LAB CANC INST 4, GEN SURG INST, SHENYANG, LIAONING, PEOPLES R CHINA","PEOPLES R CHINA"
513,"1 HOSP, RHEUMATISM DEPT, NINGBO, ZHEJIANG, PEOPLES R CHINA","PEOPLES R CHINA"
515,"1 HOSP, UROL, HEFEI, PEOPLES R CHINA","PEOPLES R CHINA"
614,"1 IKA HOSP, ATHENS, GREECE","GREECE"
616,"1 IKA HOSP, DEPT INTERVENT CARDIOL, ATHENS, GREECE","GREECE"
615,"1 IKA HOSP, GI ENDOSCOPY DEPT, ATHENS, GREECE","GREECE"
617,"1 IMPASSE MOUETTES, F-56000 VANNES, FRANCE","FRANCE"
618,"1 IMPASSE VIRON, CHIZE, FRANCE","FRANCE"
621,"1 IMSS OBREGON, UNIDAD MED ALTA ESPECIALIDAD, SERV ANESTESIOL, SON, MEXICO","MEXICO"
619,"1 IMSS OBREGON, UNIDAD MED ALTA ESPECIALIDAD, SERV MED TRABAJO, SON, MEXICO","MEXICO"
623,"1 INFECT DIS HOSP, MOSCOW, RUSSIA","RUSSIA"
25957560,"1 INFINITE LOOP, CUPERTINO, CA 95014 USA","USA"
624,"1 INFIRM SANTA CASA DA MISERICORDIA RIO DE JANEIR, OCULOPLAST SURG DEPT, RIO DE JANEIRO, BRAZIL","BRAZIL"
625,"1 INRA UMR 1282, TOURS, FRANCE","FRANCE"
628,"1 INSERM U894, PARIS, FRANCE","FRANCE"
626,"1 INSERM, PARIS CARDIOVASC RES CTR PARCC, U970, F-75015 PARIS, FRANCE","FRANCE"
629,"1 INST AIR FORCE, BEIJING 100076, PEOPLES R CHINA","PEOPLES R CHINA"
630,"1 INST BIOL COMPUTAT, F-34000 MONTPELLIER, FRANCE","FRANCE"
631,"1 INST CHILDREN & YOUTH HLTH CARE VOJVODINA, NOVI SAD 21000, SERBIA","SERBIA"
632,"1 INST GEOL & MINERAL RESOURCES SHANDONG PROV, JINAN 250014, SHANDONG, PEOPLES R CHINA","PEOPLES R CHINA"
633,"1 INST GEOL & MINERAL RESOURCES SURVEY HENAN, LUOYANG 471023, HENAN, PEOPLES R CHINA","PEOPLES R CHINA"
634,"1 INST NACL INVEST FORESTALES AGR & PECURIAS, CALLE 6,398 POR 13 AV CORREA RACHO, MERIDA 97130, YUCATAN, MEXICO","MEXICO"
635,"1 INST NACL MATEMAT PURA & APLICADA, BR-22460320 RIO DE JANEIRO, BRAZIL","BRAZIL"
636,"1 INST NEW DRUG DISCOV, KAWAGUCHI, TOKUSHIMA 7710192, JAPAN","JAPAN"
637,"1 INST TRAUMATOL QUIRON, RHEUMATOL, BARCELONA, SPAIN","SPAIN"
638,"1 INT RES CTR, MS CLIN COLORADO, CENTENNIAL, CO USA","USA"
639,"1 INTERNA KLIN, BRATISLAVA, SLOVAKIA","SLOVAKIA"
640,"1 INTERNAL CLIN FNLP, KOSICE, SLOVAKIA","SLOVAKIA"
641,"1 INTERNAL KLIN, KOSICE, SLOVAKIA","SLOVAKIA"
642,"1 IRANIAN BLOOD TRANSFUS ORG HIGH INST RES & EDUC, TEHRAN, IRAN","IRAN"
643,"1 ISALA KLINIEKEN, ZWOLLE, NETHERLANDS","NETHERLANDS"
644,"1 JABER AL AHMED NUCL MED & MOL IMAGING CTR, KUWAIT, KUWAIT","KUWAIT"
25958488,"1 JAN SMUTS AV, ZA-2050 JOHANNESBURG, SOUTH AFRICA","SOUTH AFRICA"
25954914,"1 JINDE RD, CHANGHUA 50007, TAIWAN","TAIWAN"
25959819,"1 JORDAN DR FREETOWN RD, FREETOWN, SIERRA LEONE","SIERRA LEONE"
25950577,"1 KAINAN RD, TAOYUAN 33857, TAIWAN","TAIWAN"
25958041,"1 KANGWONDAEHAK GIL, CHUNCHEON SI, GANGWON DO, SOUTH KOREA","SOUTH KOREA"
645,"1 KAOHSIUNG MUNICIPAL KAI SYUAN PSYCHIAT HOSP, ADULT PSYCHIAT, KAOHSIUNG, TAIWAN","TAIWAN"
646,"1 KARDIOL KLIN, SAGLIK BAKANLIGI IZMIR ATATURK EGITIM & ARASTIRMA, ATATURK EGITIM HASTANESI, IZMIR, TURKEY","TURKEY"
648,"1 KARTAL KOSUYOLU CARDIOVASC RES & TRAINING HOSP, DEPARMENT CARDIOL, ISTANBUL, TURKEY","TURKEY"
649,"1 KATEDRA DERMATOL & WENEROL LODZI, LODZ, POLAND","POLAND"
650,"1 KATEDRA GINEKOL & POLOZNICTWA LODZI, KLIN MED PLODU & GINEKOL, PL-94029 LODZ, POLAND","POLAND"
651,"1 KATEDRA GINEKOLOGII & POLOZNICTWA UM LODZI, KLIN PATOLOGII CIAZY, PL-94029 LODZ, POLAND","POLAND"
653,"1 KATEDRA KARDIOL & KARDIOCHIRURG UM, KARDIOL KLIN, LODZ, POLAND","POLAND"
652,"1 KATEDRA KARDIOL & KARDIOCHIRURG UM, KLIN KARDIOCHIRURG, LODZ, POLAND","POLAND"
25953955,"1 KATSURAGOSHO CHO,NISHIKYO KU, KYOTO 6158087, JAPAN","JAPAN"
25958206,"1 KENDALL SQ, CAMBRIDGE, MA USA","USA"
25959445,"1 KEYUAN 4 RD,GAOPENG AVE, CHENGDU 610041, SICHUAN, PEOPLES R CHINA","PEOPLES R CHINA"
25961754,"1 KIELDER DR, BINGHAM NG13 8SY, ENGLAND","ENGLAND"
655,"1 KINGS COLL CIRCLE, DEPT LAB MED & PATHOBIOL, TORONTO, ON M5S 1A8, CANADA","CANADA"
654,"1 KINGS COLL CIRCLE, FAC MED, TORONTO, ON M5S 1A8, CANADA","CANADA"
656,"1 KK SKIPP, POZNAN, POLAND","POLAND"
657,"1 KLIN GINEKOL & POLOZNICTWA CMKP SPSK PROF ORLOW, PL-00416 WARSAW, POLAND","POLAND"
659,"1 KLIN POLOZNICTWA & GINEKOL CMKP, PL-00416 WARSAW, POLAND","POLAND"
658,"1 KLIN POLOZNICTWA & GINEKOL CMKP, WARSAW, POLAND","POLAND"
660,"1 KLIN POLOZNICTWA & GINEKOL WUM, PL-02015 WARSAW, POLAND","POLAND"
661,"1 KLINIKUM RECHTS ISAR, MUNICH, GERMANY","GERMANY"
25951980,"1 KNEELAND ST,,6TH FLOOR,7TH FLOOR, BOSTON, MA 02129 USA","USA"
25956872,"1 KOTHULACHHI,LALITPUR 21,GPO BOX 3971, KATHMANDU, NEPAL","NEPAL"
662,"1 LA SER, F-75674 PARIS, FRANCE","FRANCE"
663,"1 LACKLAND JBSA, NEW BRAUNFELS, TX USA","USA"
25955479,"1 LAGOON DR, REDWOOD CITY, CA 94065 USA","USA"
664,"1 LEIDEN UNIV 2 UIPES ISPA, OPORTO, PORTUGAL","PORTUGAL"
666,"1 LF & UK VFN PRAZE, KLIN NEUROVED, NEUROL KLIN & CTR, PRAGUE 12000 2, CZECH REPUBLIC","CZECH REPUBLIC"
670,"1 LF & VFN, CTR KLIN NEUROVED, UK PRAZE, PRAGUE, CZECH REPUBLIC","CZECH REPUBLIC"
668,"1 LF & VFN, NEUROL KLIN, UK PRAZE, PRAGUE, CZECH REPUBLIC","CZECH REPUBLIC"
742,"1 LF UK & FN MOTOLE, CHIRURG KLIN 3, SPONDYLOCHIRURG ODDELENI, PRAGUE, CZECH REPUBLIC","CZECH REPUBLIC"
741,"1 LF UK & FN MOTOLE, KLIN ORL & CHIRURG HLVY & KRKU, PRAGUE, CZECH REPUBLIC","CZECH REPUBLIC"
744,"1 LF UK & FN MOTOLE, KLIN OTORINOLARYNGOL & CHIRURG HLAVY & KRKU, PRAGUE 15006 5, CZECH REPUBLIC","CZECH REPUBLIC"
745,"1 LF UK & FN MOTOLE, KLIN OTORINOLARYNGOL & CHIRURG HLAVY & KRKU, V OVALU 84, PRAGUE 15006, CZECH REPUBLIC","CZECH REPUBLIC"
746,"1 LF UK & FN NA BULOVCE, KLIN INFEKCNICH & TROPICKYCH NEMOCI 3, PRAGUE 18081 8, CZECH REPUBLIC","CZECH REPUBLIC"
747,"1 LF UK & FN PRAZE, FONIATRICKA KLIN, PRAGUE, CZECH REPUBLIC","CZECH REPUBLIC"
748,"1 LF UK & UNV PRAHA, NEUROCHIRURG KLIN, PRAGUE, CZECH REPUBLIC","CZECH REPUBLIC"
750,"1 LF UK & UVN PRAHA, NEUROCHIRURG KLIN, PRAGUE, CZECH REPUBLIC","CZECH REPUBLIC"
749,"1 LF UK & UVN PRAHA, PRAGUE, CZECH REPUBLIC","CZECH REPUBLIC"
752,"1 LF UK & UVN VFN PRAHA, NEUROCHIRURG & NEUROONKOL KLIN, PRAGUE, CZECH REPUBLIC","CZECH REPUBLIC"
751,"1 LF UK & UVN VFN PRAHA, NEUROCHIRURG & NEUROONKOL KLIN, U VOJENSKE NEMOCNICE 1200, PRAGUE 16902 6, CZECH REPUBLIC","CZECH REPUBLIC"
753,"1 LF UK & UVN VOJENSKA FAK NEMOCNICE PRAHA, NEUROCHIRURG KLIN, PRAGUE, CZECH REPUBLIC","CZECH REPUBLIC"
797,"1 LF UK & VFN PRAZE, CNS, NMS,NEUROL KLIN,CLS JEP, SNIL,VEDOUCI LEKAR CTR LECBUMYATHENIA GRAVIS, PRAGUE, CZECH REPUBLIC","CZECH REPUBLIC"
806,"1 LF UK & VFN PRAZE, CTR KLIN NEUROVED, PRAGUE 12821 2, CZECH REPUBLIC","CZECH REPUBLIC"
800,"1 LF UK & VFN PRAZE, CTR KLIN NEUROVED, PRAGUE, CZECH REPUBLIC","CZECH REPUBLIC"
801,"1 LF UK & VFN PRAZE, INTERNI KLIN 3, PRAGUE, CZECH REPUBLIC","CZECH REPUBLIC"
811,"1 LF UK & VFN PRAZE, KLIN ADIKTOL, PRAGUE 12808 2, CZECH REPUBLIC","CZECH REPUBLIC"
803,"1 LF UK & VFN PRAZE, KLIN NEUROVED, NEUROL KLIN CTR, PRAGUE 12000 2, CZECH REPUBLIC","CZECH REPUBLIC"
809,"1 LF UK & VFN PRAZE, KLIN PRACOVNIHO LEKARSTVI, PRAGUE 12808 2, CZECH REPUBLIC","CZECH REPUBLIC"
791,"1 LF UK & VFN PRAZE, KLIN REHABILITACNIHO LEKARSTVI, PRAGUE 12808 2, CZECH REPUBLIC","CZECH REPUBLIC"
802,"1 LF UK & VFN PRAZE, NEUROL KLIN, PRAGUE 12000 2, CZECH REPUBLIC","CZECH REPUBLIC"
792,"1 LF UK & VFN PRAZE, NEUROL KLIN, PRAGUE 12808 2, CZECH REPUBLIC","CZECH REPUBLIC"
796,"1 LF UK & VFN PRAZE, NEUROL KLIN, PRAGUE 12821 2, CZECH REPUBLIC","CZECH REPUBLIC"
795,"1 LF UK & VFN PRAZE, NEUROL KLIN, PRAGUE, CZECH REPUBLIC","CZECH REPUBLIC"
810,"1 LF UK & VFN PRAZE, OCNI KLIN, PRAGUE 12808 2, CZECH REPUBLIC","CZECH REPUBLIC"
807,"1 LF UK & VFN PRAZE, ODDELENI MR, RADIODIAGNOST KLIN, PRAGUE 12808 2, CZECH REPUBLIC","CZECH REPUBLIC"
813,"1 LF UK & VFN PRAZE, PRAGUE, CZECH REPUBLIC","CZECH REPUBLIC"
812,"1 LF UK & VFN PRAZE, PSYCHIAT KLIN, PRAGUE 12821 2, CZECH REPUBLIC","CZECH REPUBLIC"
805,"1 LF UK & VFN PRAZE, PSYCHIAT KLIN, PRAGUE, CZECH REPUBLIC","CZECH REPUBLIC"
814,"1 LF UK & VFN PRAZE, RADIODIAGNOST KLIN, ODDELENI MAGNET REZONANCE, KATERINSKA 30, PRAGUE 12808 2, CZECH REPUBLIC","CZECH REPUBLIC"
793,"1 LF UK & VFN PRAZE, RADIODIAGNOST KLIN, ODDELENI MR, PRAGUE 12808 2, CZECH REPUBLIC","CZECH REPUBLIC"
816,"1 LF UK & VFN PRAZE, UROL KLIN, PRAGUE, CZECH REPUBLIC","CZECH REPUBLIC"
773,"1 LF UK & VFN, CTR KLIN NEUROVED, PRAGUE 12000 2, CZECH REPUBLIC","CZECH REPUBLIC"
764,"1 LF UK & VFN, CTR KLIN NEUROVED, PRAGUE 12800 2, CZECH REPUBLIC","CZECH REPUBLIC"
789,"1 LF UK & VFN, CTR KLIN NEUROVED, PRAGUE 12808 2, CZECH REPUBLIC","CZECH REPUBLIC"
762,"1 LF UK & VFN, CTR KLIN NEUROVED, PRAGUE 12821 2, CZECH REPUBLIC","CZECH REPUBLIC"
763,"1 LF UK & VFN, CTR KLIN NEUROVED, PRAGUE, CZECH REPUBLIC","CZECH REPUBLIC"
770,"1 LF UK & VFN, CTR KLINICKYCH NEUROVED, PRAGUE 12109 2, CZECH REPUBLIC","CZECH REPUBLIC"
774,"1 LF UK & VFN, INTERNI KLIN 4, PRAGUE 12000 2, CZECH REPUBLIC","CZECH REPUBLIC"
783,"1 LF UK & VFN, KLIN ADIKTOL, PRAGUE 12821 2, CZECH REPUBLIC","CZECH REPUBLIC"
776,"1 LF UK & VFN, KLIN DETSKEHO & DOROSTOVEHO LEKARSTVI, LAB STUDIUM MITOCHONDRIALNICH PORUCH, PRAGUE 12000 2, CZECH REPUBLIC","CZECH REPUBLIC"
768,"1 LF UK & VFN, KLIN DETSKEHO & DOROSTOVEHO LEKARSTVI, PRAGUE 12109 2, CZECH REPUBLIC","CZECH REPUBLIC"
786,"1 LF UK & VFN, KLIN PRACOVNIHO LEKARSTVI, PRAGUE 12821 2, CZECH REPUBLIC","CZECH REPUBLIC"
788,"1 LF UK & VFN, KLIN PRACOVNIHO LEKARSTVI, PRAGUE, CZECH REPUBLIC","CZECH REPUBLIC"
790,"1 LF UK & VFN, KLIN REHABIL LEKARSTVI, PRAGUE, CZECH REPUBLIC","CZECH REPUBLIC"
757,"1 LF UK & VFN, NEUROCHIRURG KLIN, PRAGUE, CZECH REPUBLIC","CZECH REPUBLIC"
766,"1 LF UK & VFN, NEUROL KLIN, PRAGUE 12000 2, CZECH REPUBLIC","CZECH REPUBLIC"
760,"1 LF UK & VFN, NEUROL KLIN, PRAGUE 12000, CZECH REPUBLIC","CZECH REPUBLIC"
769,"1 LF UK & VFN, NEUROL KLIN, PRAGUE 12109 2, CZECH REPUBLIC","CZECH REPUBLIC"
758,"1 LF UK & VFN, NEUROL KLIN, PRAGUE 12800 2, CZECH REPUBLIC","CZECH REPUBLIC"
779,"1 LF UK & VFN, NEUROL KLIN, PRAGUE 12808 2, CZECH REPUBLIC","CZECH REPUBLIC"
761,"1 LF UK & VFN, NEUROL KLIN, PRAGUE 12821 2, CZECH REPUBLIC","CZECH REPUBLIC"
756,"1 LF UK & VFN, NEUROL KLIN, PRAGUE, CZECH REPUBLIC","CZECH REPUBLIC"
784,"1 LF UK & VFN, OCNI KLIN, PRAGUE 12821 2, CZECH REPUBLIC","CZECH REPUBLIC"
754,"1 LF UK & VFN, ODDELENI MAXILOFACIALNI CHIRURG, STOMATOL KLIN, PRAGUE 12800 2, CZECH REPUBLIC","CZECH REPUBLIC"
771,"1 LF UK & VFN, ODDELENI MR, RADIODIAGNOSTICKA KLIN, PRAGUE 12808 2, CZECH REPUBLIC","CZECH REPUBLIC"
780,"1 LF UK & VFN, PSYCHIAT KLIN, PRAGUE 12821 2, CZECH REPUBLIC","CZECH REPUBLIC"
781,"1 LF UK & VFN, RADIODIAGNOST KLIN, ODDELENI MR, PRAGUE 12821 2, CZECH REPUBLIC","CZECH REPUBLIC"
775,"1 LF UK & VFN, RADIODIAGNOST KLIN, PRAGUE 12000 2, CZECH REPUBLIC","CZECH REPUBLIC"
778,"1 LF UK & VFN, RADIODIAGNOST KLIN, PRAGUE 12808 2, CZECH REPUBLIC","CZECH REPUBLIC"
759,"1 LF UK & VFN, USTAV BIOFYZ & INFORMAT, PRAGUE 12800 2, CZECH REPUBLIC","CZECH REPUBLIC"
767,"1 LF UK & VFN, USTAV BIOFYZIKY & INFORMATIKY, PRAGUE 12000 2, CZECH REPUBLIC","CZECH REPUBLIC"
765,"1 LF UK & VFN, USTAV IMUNOL & MIKROBIOL, PRAGUE 12800 2, CZECH REPUBLIC","CZECH REPUBLIC"
787,"1 LF UK & VFN, USTAV LEKARSKE BIOCHEM & LAB DIAGNOST, PRAGUE 12821 2, CZECH REPUBLIC","CZECH REPUBLIC"
785,"1 LF UK & VFN, USTAV SOUDNIHO LEKARSTVI & TOXIKOL, PRAGUE 12821 2, CZECH REPUBLIC","CZECH REPUBLIC"
817,"1 LF UK BULOVCE, PRAGUE, CZECH REPUBLIC","CZECH REPUBLIC"
819,"1 LF UK FN MOTOL, CHIRURG KLIN 3, PRAGUE, CZECH REPUBLIC","CZECH REPUBLIC"
818,"1 LF UK FN MOTOL, ORTOPED KLIN 1, PRAGUE 15000 5, CZECH REPUBLIC","CZECH REPUBLIC"
820,"1 LF UK FN MOTOL, ORTOPED KLIN 1, PRAGUE 15006, CZECH REPUBLIC","CZECH REPUBLIC"
822,"1 LF UK PRAHA, PRAGUE, CZECH REPUBLIC","CZECH REPUBLIC"
821,"1 LF UK PRAHA, PSYCHIAT KLIN VFN, PRAGUE, CZECH REPUBLIC","CZECH REPUBLIC"
823,"1 LF UK PRAHA, UROL KLIN, PRAGUE, CZECH REPUBLIC","CZECH REPUBLIC"
824,"1 LF UK PRAZE, ANAT USTAV, PRAGUE, CZECH REPUBLIC","CZECH REPUBLIC"
826,"1 LF UK PRAZE, PRAGUE, CZECH REPUBLIC","CZECH REPUBLIC"
827,"1 LF UK PRAZE, USTAV IMUNOL & MIKROBIOL, PRAGUE 12800 2, CZECH REPUBLIC","CZECH REPUBLIC"
828,"1 LF UK PRAZE, USTAV IMUNOL & MIKROBIOL, STUDNICKOVA 7, PRAGUE 12800 2, CZECH REPUBLIC","CZECH REPUBLIC"
825,"1 LF UK PRAZE, USTAV LEKARSKE BIOCHEM, PRAGUE, CZECH REPUBLIC","CZECH REPUBLIC"
830,"1 LF UK UKBLD & VFN, DIAGNOST LAB, PRAGUE 12111 2, CZECH REPUBLIC","CZECH REPUBLIC"
829,"1 LF UK UKBLD & VFN, USTAV KLIN BIOCHEM, PRAGUE 12111 2, CZECH REPUBLIC","CZECH REPUBLIC"
831,"1 LF UK UVN PRAHA, NEUROCHIRURG KLIN, PRAGUE 16902 6, CZECH REPUBLIC","CZECH REPUBLIC"
843,"1 LF UK VFN PRAZE, CTR KLIN NEUROVED, PRAGUE 12000 2, CZECH REPUBLIC","CZECH REPUBLIC"
848,"1 LF UK VFN PRAZE, FARMAKOL USTAV, PRAGUE 12800 2, CZECH REPUBLIC","CZECH REPUBLIC"
838,"1 LF UK VFN PRAZE, GYNEKOL PORODN KLIN, PRAGUE 12808 2, CZECH REPUBLIC","CZECH REPUBLIC"
847,"1 LF UK VFN PRAZE, KLIN ADIKTOL, PRAGUE 12800 2, CZECH REPUBLIC","CZECH REPUBLIC"
839,"1 LF UK VFN PRAZE, KLIN DETSKEHO DOROSTOVEHO, PRAGUE 12808 2, CZECH REPUBLIC","CZECH REPUBLIC"
842,"1 LF UK VFN PRAZE, NEUROL KLIN, PRAGUE 12000 2, CZECH REPUBLIC","CZECH REPUBLIC"
834,"1 LF UK VFN PRAZE, ODDELENI MR, RADIODIAGNOST KLIN, PRAGUE 12808 2, CZECH REPUBLIC","CZECH REPUBLIC"
845,"1 LF UK VFN PRAZE, ODDELENI TOXIKOL, USTAV SOUDNIHO LEKARSTVI & TOXIKOL, PRAGUE 12800 2, CZECH REPUBLIC","CZECH REPUBLIC"
844,"1 LF UK VFN PRAZE, PSYCHIAT KLIN, PRAGUE 12800 2, CZECH REPUBLIC","CZECH REPUBLIC"
840,"1 LF UK VFN PRAZE, RADIODIAGNOST KLIN, ODDELENI MR, PRAGUE 12808 2, CZECH REPUBLIC","CZECH REPUBLIC"
837,"1 LF UK VFN PRAZE, USTAV BIOL LEKARSKE GENETIKY, PRAGUE 12808 2, CZECH REPUBLIC","CZECH REPUBLIC"
836,"1 LF UK VFN PRAZE, USTAV PATOL, PRAGUE 12808 2, CZECH REPUBLIC","CZECH REPUBLIC"
832,"1 LF UK VFN, NEUROL KLIN, PRAGUE 12808 2, CZECH REPUBLIC","CZECH REPUBLIC"
833,"1 LF UK VFN, NEUROL KLIN, PRAGUE, CZECH REPUBLIC","CZECH REPUBLIC"
685,"1 LF UK, ANAT USTAV, PRAGUE 15006 5, CZECH REPUBLIC","CZECH REPUBLIC"
681,"1 LF UK, ANAT USTAV, PRAGUE, CZECH REPUBLIC","CZECH REPUBLIC"
705,"1 LF UK, ANATOM USTAV, PRAGUE, CZECH REPUBLIC","CZECH REPUBLIC"
728,"1 LF UK, CTR KLIN NEUROVED, KATERINSKA 30, PRAGUE 12000 2, CZECH REPUBLIC","CZECH REPUBLIC"
731,"1 LF UK, CTR KLIN NEUROVED, KATERINSKA 30, PRAGUE 12821, CZECH REPUBLIC","CZECH REPUBLIC"
717,"1 LF UK, CTR KLIN NEUROVED, PRAGUE 12000 2, CZECH REPUBLIC","CZECH REPUBLIC"
723,"1 LF UK, CTR KLIN NEUROVED, PRAGUE 12821 1, CZECH REPUBLIC","CZECH REPUBLIC"
735,"1 LF UK, CTR KLIN NEUROVED, PRAGUE, CZECH REPUBLIC","CZECH REPUBLIC"
729,"1 LF UK, CTR PORUCHY SPANKU & BDENI, NEUROL KLIN, PRAGUE, CZECH REPUBLIC","CZECH REPUBLIC"
733,"1 LF UK, CTR ZAVISLE TABAKU, INTERNI KLIN KLIN ENDOKRINOL & METAB 3, PRAGUE, CZECH REPUBLIC","CZECH REPUBLIC"
672,"1 LF UK, DEPT NEUROL, PRAGUE, CZECH REPUBLIC","CZECH REPUBLIC"
687,"1 LF UK, GYNEKOL PORODNICKA KLIN, PRAGUE, CZECH REPUBLIC","CZECH REPUBLIC"
675,"1 LF UK, I ORTOPED KLIN, PRAGUE 15000 5, CZECH REPUBLIC","CZECH REPUBLIC"
686,"1 LF UK, I ORTOPED KLIN, PRAGUE, CZECH REPUBLIC","CZECH REPUBLIC"
704,"1 LF UK, INTERNI KLIN 1, PRAGUE, CZECH REPUBLIC","CZECH REPUBLIC"
698,"1 LF UK, IPVZ, NEUROCHIRURG KLIN, CZ-16902 PRAGUE 6, CZECH REPUBLIC","CZECH REPUBLIC"
720,"1 LF UK, KLIN ANESTEZIOL RESUSCITACE & INTENZIVNI MED, PRAGUE 16902 6, CZECH REPUBLIC","CZECH REPUBLIC"
701,"1 LF UK, KLIN DETSKEHO & DOROSTOVEHO LEKARSTVI, PRAGUE 12808 2, CZECH REPUBLIC","CZECH REPUBLIC"
724,"1 LF UK, KLIN DETSKEHO & DOROSTOVEHO LEKARSTVI, PRAGUE 12821 1, CZECH REPUBLIC","CZECH REPUBLIC"
737,"1 LF UK, KLIN DETSKEHO & DOROSTOVEHO LEKARSTVI, PRAGUE, CZECH REPUBLIC","CZECH REPUBLIC"
718,"1 LF UK, KLIN INFEKCNICH & TROPICKYCH NEMOCI, PRAGUE, CZECH REPUBLIC","CZECH REPUBLIC"
719,"1 LF UK, KLIN INFEKCNICH NEMOCI, PRAGUE, CZECH REPUBLIC","CZECH REPUBLIC"
706,"1 LF UK, KLIN INFEKCNICH TROPICKYCH NEMOCI, PRAGUE, CZECH REPUBLIC","CZECH REPUBLIC"
736,"1 LF UK, KLIN OTORINOLARYNGOL & CHIRURG HLAVY & KRKU, PRAGUE, CZECH REPUBLIC","CZECH REPUBLIC"
711,"1 LF UK, KLINIKA ANESTEZIOL RESUSCITACE INTENZIVNI MED, PRAGUE 16902 6, CZECH REPUBLIC","CZECH REPUBLIC"
740,"1 LF UK, NEUROCHIRURG & NEUROONKOL KLIN, PRAGUE, CZECH REPUBLIC","CZECH REPUBLIC"
714,"1 LF UK, NEUROCHIRURG KLIN, BRATISLAVA, SLOVAKIA","SLOVAKIA"
710,"1 LF UK, NEUROCHIRURG KLIN, PRAGUE 16200 6, CZECH REPUBLIC","CZECH REPUBLIC"
674,"1 LF UK, NEUROCHIRURG KLIN, PRAGUE 16902 6, CZECH REPUBLIC","CZECH REPUBLIC"
713,"1 LF UK, NEUROCHIRURG KLIN, PRAGUE, CZECH REPUBLIC","CZECH REPUBLIC"
700,"1 LF UK, NEUROL KLIN, CZ-12000 PRAGUE 2, CZECH REPUBLIC","CZECH REPUBLIC"
727,"1 LF UK, NEUROL KLIN, KATERINSKA 30, PRAGUE 12000 2, CZECH REPUBLIC","CZECH REPUBLIC"
732,"1 LF UK, NEUROL KLIN, KATERINSKA 30, PRAGUE 12821, CZECH REPUBLIC","CZECH REPUBLIC"
716,"1 LF UK, NEUROL KLIN, PRAGUE 12000 2, CZECH REPUBLIC","CZECH REPUBLIC"
696,"1 LF UK, NEUROL KLIN, PRAGUE 12808 2, CZECH REPUBLIC","CZECH REPUBLIC"
694,"1 LF UK, NEUROL KLIN, PRAGUE 12808, CZECH REPUBLIC","CZECH REPUBLIC"
722,"1 LF UK, NEUROL KLIN, PRAGUE 12821 1, CZECH REPUBLIC","CZECH REPUBLIC"
680,"1 LF UK, NEUROL KLIN, PRAGUE, CZECH REPUBLIC","CZECH REPUBLIC"
739,"1 LF UK, OCNI KLIN, PRAGUE, CZECH REPUBLIC","CZECH REPUBLIC"
673,"1 LF UK, ODDELENI KLIN FARMAKOL, PRAGUE 12000 2, CZECH REPUBLIC","CZECH REPUBLIC"
678,"1 LF UK, ODDELENI MR, RADIODIAGNOST KLIN, PRAGUE 12808 2, CZECH REPUBLIC","CZECH REPUBLIC"
689,"1 LF UK, ORTOPED KLIN 1, PRAGUE 15000 5, CZECH REPUBLIC","CZECH REPUBLIC"
709,"1 LF UK, ORTOPED KLIN 1, PRAGUE 15606 5, CZECH REPUBLIC","CZECH REPUBLIC"
690,"1 LF UK, ORTOPED KLIN, FN MOTOL, PRAGUE 5, CZECH REPUBLIC","CZECH REPUBLIC"
684,"1 LF UK, ORTOPED KLIN, PRAGUE 15006 5, CZECH REPUBLIC","CZECH REPUBLIC"
703,"1 LF UK, OSTAV BIOFYZIKY & INFORMATIKY, PRAGUE, CZECH REPUBLIC","CZECH REPUBLIC"
683,"1 LF UK, PRAGUE, CZECH REPUBLIC","CZECH REPUBLIC"
712,"1 LF UK, PSYCHIAT KLIN, PRAGUE, CZECH REPUBLIC","CZECH REPUBLIC"
676,"1 LF UK, RADIODIAGNOST KLIN, ODDELENI MR, PRAGUE 12808 2, CZECH REPUBLIC","CZECH REPUBLIC"
695,"1 LF UK, RADIODIAGNOST KLIN, PRAGUE 12808 2, CZECH REPUBLIC","CZECH REPUBLIC"
682,"1 LF UK, RADIODIAGNOST KLIN, PRAGUE, CZECH REPUBLIC","CZECH REPUBLIC"
692,"1 LF UK, RADIODIAGNOSTICKA KLIN, ODDELENI MR, PRAGUE 12808, CZECH REPUBLIC","CZECH REPUBLIC"
697,"1 LF UK, RADIODIAGNOSTICKA KLIN, PRAGUE 12808 2, CZECH REPUBLIC","CZECH REPUBLIC"
725,"1 LF UK, RESUSCITACE INTENZIVNI MED, KLIN ANESTEZIOL, PRAGUE, CZECH REPUBLIC","CZECH REPUBLIC"
708,"1 LF UK, SEXUOL USTAV VFN, PRAGUE, CZECH REPUBLIC","CZECH REPUBLIC"
715,"1 LF UK, USTAV BIOFYZ & INFORMAT, PRAGUE, CZECH REPUBLIC","CZECH REPUBLIC"
721,"1 LF UK, USTAV BIOL & LEKARSKE GENET, PRAGUE, CZECH REPUBLIC","CZECH REPUBLIC"
707,"1 LF UK, USTAV DEDICNYCH METAB PORUCH, PRAGUE 12808 2, CZECH REPUBLIC","CZECH REPUBLIC"
738,"1 LF UK, USTAV DEDICNYCH METAB PORUCH, PRAGUE, CZECH REPUBLIC","CZECH REPUBLIC"
702,"1 LF UK, USTAV DEDICNYCH METABOL PORUCH, PRAGUE 12808 2, CZECH REPUBLIC","CZECH REPUBLIC"
688,"1 LF UK, USTAV HYG & EPIDEMIOL, PRAGUE, CZECH REPUBLIC","CZECH REPUBLIC"
665,"1 LF, KLIN INFEKCNICH NEMOCI, U VOJENSKE NEMOCNICE 1200, PRAGUE 16902, CZECH REPUBLIC","CZECH REPUBLIC"
849,"1 LIBERTY CTR, OFF NAVAL RES, ARLINGTON, VA 22203 USA","USA"
25961830,"1 LIUSHI RD, LIUZHOU CITY 545005, GUANGXI PROVINC, PEOPLES R CHINA","PEOPLES R CHINA"
850,"1 LOG INC, VALUE CHAIN MANAGEMENT DIV, MT VIEW, CA 94043 USA","USA"
25951183,"1 LOWER SAGE HILL LANE, ALBANY, NY 12204 USA","USA"
851,"1 LTD, CAMBRIDGE CB4 0WS, ENGLAND","ENGLAND"
25952680,"1 LUSHAN SOUTH RD, CHANGSHA 410082, HUNAN, PEOPLES R CHINA","PEOPLES R CHINA"
852,"1 LYCEUM ATHENS, IPITOU 15, ATHENS 10557, GREECE","GREECE"
25959796,"1 MAKEWAY AVE 15-03, SINGAPORE 228598, SINGAPORE","SINGAPORE"
853,"1 MARMARA UNIV, DEPT PHARMACEUT BIOTECHNOL, FAC PHARM, ISTANBUL, TURKEY","TURKEY"
855,"1 MARMARA UNIV, FAC PHARM, DEPT PHARMACEUT BIOTECHNOL, ISTANBUL, TURKEY","TURKEY"
857,"1 MASTER PROPIO UNIV UROL PEDIAT, SAN FRANCISCO, CA USA","USA"
860,"1 MAT INC, DORVAL, PQ H9P 1K2, CANADA","CANADA"
859,"1 MAT, DORVAL, PQ H9P 1K2, CANADA","CANADA"
858,"1 MAT, QUEBEC CITY, PQ H4R 2E9, CANADA","CANADA"
861,"1 MATERIAL INC, DORVAL, PQ H9P 1K2, CANADA","CANADA"
862,"1 MED & SURG MIL HOSP, DEPT NEPHROL & DIALYSIS, AGADIR, MOROCCO","MOROCCO"
863,"1 MED ABT ONKOL, VIENNA, AUSTRIA","AUSTRIA"
866,"1 MED CLIN RES ISAR, MUNICH, GERMANY","GERMANY"
865,"1 MED CLIN, ABT PATHOPHYSIOL, MAINZ, GERMANY","GERMANY"
864,"1 MED CLIN, DEPT MED, BAYREUTH, GERMANY","GERMANY"
867,"1 MED CTR IAC, DIPLOMAT SERV MED CTR, RIGA, LATVIA","LATVIA"
868,"1 MED FAC, PRAGUE, CZECH REPUBLIC","CZECH REPUBLIC"
869,"1 MED KLIN RECHTS DER ISAR, MUNICH, GERMANY","GERMANY"
871,"1 MED KLIN RECHTS ISAR, D-80636 MUNICH, GERMANY","GERMANY"
872,"1 MED KLIN RECHTS ISAR, DEUTSCH HERZZENTRUM, D-81675 MUNICH, GERMANY","GERMANY"
870,"1 MED KLIN RECHTS ISAR, MUNICH, GERMANY","GERMANY"
873,"1 MED LHA 9, TREVISO, ITALY","ITALY"
874,"1 MED UNIV KLIN & POLIKLIN, D-55101 MAINZ, GERMANY","GERMANY"
875,"1 MENTAL HLTH CTR AFFILIATED HARBIN MED UNIV, HARBIN, HEILONGJIANG, PEOPLES R CHINA","PEOPLES R CHINA"
876,"1 METROPLEX CLIN RES CTR, DALLAS, TX USA","USA"
877,"1 MF CU & GEN HOSP, PRAGUE, CZECH REPUBLIC","CZECH REPUBLIC"
878,"1 MICHIGAN STATE UNIV, DEPT PHYS & ASTRON, E LANSING, MI USA","USA"
25954092,"1 MICROSOFT WAY, REDMOND, WA 98052 USA","USA"
880,"1 MIDDLE SCH CHANGSHA CTY, CHANGSHA 410082, HUNAN, PEOPLES R CHINA","PEOPLES R CHINA"
881,"1 MIDDLE SCH FOSHAN, FOSHAN 528000, PEOPLES R CHINA","PEOPLES R CHINA"
882,"1 MIDDLE SCH GUANGZHOU, GUANGZHOU 510631, GUANGDONG, PEOPLES R CHINA","PEOPLES R CHINA"
883,"1 MIDDLE SCH HEKOU, DONGYING 257200, PEOPLES R CHINA","PEOPLES R CHINA"
884,"1 MIDDLE SCH HUANG LONG TOWN, XIANGYANG 441109, PEOPLES R CHINA","PEOPLES R CHINA"
885,"1 MIDDLE SCH JINING, DEPT CHEM, JINING 272000, SHANDONG, PEOPLES R CHINA","PEOPLES R CHINA"
886,"1 MIDDLE SCH KENLI, KENLI 257500, PEOPLES R CHINA","PEOPLES R CHINA"
887,"1 MIDDLE SCH LANSHAN, RIZHAO 276808, SHANDONG, PEOPLES R CHINA","PEOPLES R CHINA"
888,"1 MIDDLE SCH LIAOCHENG, LIAOCHENG 252059, PEOPLES R CHINA","PEOPLES R CHINA"
889,"1 MIDDLE SCH LIJING, DONGYING 257400, PEOPLES R CHINA","PEOPLES R CHINA"
890,"1 MIDDLE SCH NANYANG, NANYANG 473000, HENAN, PEOPLES R CHINA","PEOPLES R CHINA"
891,"1 MIDDLE SCH NINGYANG CTY, 42 WENHUA RD, TAI AN 271400, SHANDONG, PEOPLES R CHINA","PEOPLES R CHINA"
892,"1 MIDDLE SCH PINGDINGSHAN, PINGDINGSHAN 467000, PEOPLES R CHINA","PEOPLES R CHINA"
893,"1 MIDDLE SCH QUESHAN, CHEM TEACHING & RES GRP, QUESHAN 463200, HENAN, PEOPLES R CHINA","PEOPLES R CHINA"
894,"1 MIDDLE SCH QUFU, PHYS GRP, QUFU 273100, PEOPLES R CHINA","PEOPLES R CHINA"
895,"1 MIDDLE SCH TONGCHENG CTY, XIANNING 437400, HUBEI, PEOPLES R CHINA","PEOPLES R CHINA"
896,"1 MIDDLE SCH YIYANG, YIYANG, HUNAN, PEOPLES R CHINA","PEOPLES R CHINA"
897,"1 MIDDLE SCH ZHANGJIAJIE CITY, ZHANGJIAJIE 427000, PEOPLES R CHINA","PEOPLES R CHINA"
898,"1 MIDDLE SCH ZHENGZHOU, ZHENGZHOU 450006, PEOPLES R CHINA","PEOPLES R CHINA"
899,"1 MIDDLE SCH ZOUCHENG CITY, ZOUCHENG 273500, SHANDONG, PEOPLES R CHINA","PEOPLES R CHINA"
879,"1 MIDDLE SCH, PINGDU 266700, SHANDONG, PEOPLES R CHINA","PEOPLES R CHINA"
900,"1 MIDNAPORE MED COLL, MIDNAPORE, INDIA","INDIA"
901,"1 MIL CLIN HOSP, LUBLIN, POLAND","POLAND"
913,"1 MIL HOSP PRETORIA, PRETORIA, SOUTH AFRICA","SOUTH AFRICA"
903,"1 MIL HOSP, DEPT INTERNAL MED, PRETORIA, SOUTH AFRICA","SOUTH AFRICA"
909,"1 MIL HOSP, DEPT INTERNAL MED, SOUTH AFRICAN MIL HLTH SERV, ZA-0001 PRETORIA, SOUTH AFRICA","SOUTH AFRICA"
904,"1 MIL HOSP, DEPT OPHTHALMOL, PRETORIA, SOUTH AFRICA","SOUTH AFRICA"
902,"1 MIL HOSP, DEPT PATHOL, PRETORIA, SOUTH AFRICA","SOUTH AFRICA"
907,"1 MIL HOSP, DEPT PEDIAT, PRETORIA, SOUTH AFRICA","SOUTH AFRICA"
908,"1 MIL HOSP, INFECT DIS CLIN, PRETORIA, SOUTH AFRICA","SOUTH AFRICA"
905,"1 MIL HOSP, PRETORIA, SOUTH AFRICA","SOUTH AFRICA"
906,"1 MIL HOSP, PROJECT PHIDISA, PRETORIA, SOUTH AFRICA","SOUTH AFRICA"
911,"1 MIL HOSP, SOUTH AFRICAN MIL HLTH SERV, DEPT INTERNAL MED, ZA-0001 PRETORIA, SOUTH AFRICA","SOUTH AFRICA"
914,"1 MINSK CITY CLIN HOSP, MINSK, BYELARUS","BYELARUS"
25953277,"1 MOO 6,RANGSIT NAKHON NAYOK RD,KLONG 14, ONGKARAK 26120, NAKHON NAYOK, THAILAND","THAILAND"
915,"1 MOSCOW MED UNIV, MOSCOW, RUSSIA","RUSSIA"
917,"1 MOSCOW STATE MED UNIV, DEPT INTERNAL DIS, MOSCOW, RUSSIA","RUSSIA"
916,"1 MOSCOW STATE MED UNIV, MOSCOW, RUSSIA","RUSSIA"
922,"1 MT MED BATTAL MDS, DEPT MED, BAGH, AZAD KASHMIR, PAKISTAN","PAKISTAN"
918,"1 MT MED BATTAL, DEPT INTERNAL MED, BAGH, AZAD KASHMIR, PAKISTAN","PAKISTAN"
920,"1 MT MED BATTAL, DEPT MED, AZAD KASHMIR, PAKISTAN","PAKISTAN"
921,"1 MT MED BATTAL, DEPT MED, BAGH 2500, AZAD KASHMIR, PAKISTAN","PAKISTAN"
919,"1 MT MED BATTAL, DEPT SURG, BAGH, AZAD KASHMIR, PAKISTAN","PAKISTAN"
923,"1 MUNICIPAL HOSP CHENDU, DEPT CARDIOL, CHENGDU 610041, PEOPLES R CHINA","PEOPLES R CHINA"
924,"1 MUNICIPAL HOSP CHENDU, DEPT CARDIOL, CHENGDU, PEOPLES R CHINA","PEOPLES R CHINA"
25954358,"1 MUNIGA LAYOUT MARUTHI SEVANGAR, BANGALORE 5600033, KARNATAKA, INDIA","INDIA"
25949741,"1 MYDDELTON ST, LONDON EC1R 1UW, ENGLAND","ENGLAND"
25961357,"1 N BALCESCU AVE, BUCHAREST 010041, ROMANIA","ROMANIA"
25961085,"1 NAN TAI ST, TAINAN 710, TAIWAN","TAIWAN"
25961268,"1 NAN TAI ST, TAINAN, TAIWAN","TAIWAN"
25954212,"1 NASELBA EZERSKI LOZJA ST, STRUGA 6330, MACEDONIA","MACEDONIA"
25949961,"1 NATHAN HALE DR, SETAUKET, NY 11733 USA","USA"
925,"1 NATL INST ADV IND SCI & TECHNOL, TSUKUBA, IBARAKI 3058564, JAPAN","JAPAN"
926,"1 NATL INST R&D OPTOELECT, RO-077125 BUCHAREST, ROMANIA","ROMANIA"
927,"1 NEPHROL DEPT, ATHENS, GREECE","GREECE"
929,"1 NEUROL KLIN LF MU FN SV ANNY BRNE, CTR PRO EPILEPSII BRNO, BRNO 65691, CZECH REPUBLIC","CZECH REPUBLIC"
928,"1 NEUROL KLIN LF MU, BRNO, CZECH REPUBLIC","CZECH REPUBLIC"
930,"1 NEUROL KLIN LF UK, BRATISLAVA 81369, SLOVAKIA","SLOVAKIA"
931,"1 NEUROL KLIN LF UK, BRATISLAVA, SLOVAKIA","SLOVAKIA"
932,"1 NK LF MU & FN U SV ANNY, BRNO 65691, CZECH REPUBLIC","CZECH REPUBLIC"
25960049,"1 NOOK GREEN, TINGLEY WF3 1ER, WAKEFIELD, ENGLAND","ENGLAND"
933,"1 NOROL KLIN, ANKARA NUMUNE EGITIM & ARASTIRMA HASTANESI, ANKARA, TURKEY","TURKEY"
25952209,"1 NORTH WAUKEGAN RD, N CHICAGO, IL 60064 USA","USA"
934,"1 NORWEGIAN INST PUBL HLTH, DEPT VIROL, OSLO, NORWAY","NORWAY"
25958475,"1 NOYES CT, AUGUSTA, ME 04330 USA","USA"
935,"1 OAK FOREST HOSP COOK CTY, DEPT INTERNAL MED, CHICAGO, IL USA","USA"
936,"1 OCTUBRE HOSP, ATHENIAN INST PEDIAT CARDIOL, MEXICO CITY, DF, MEXICO","MEXICO"
937,"1 OCTUBRE ISSSTE, DEPT SURG HOSP, MEXICO CITY, DF, MEXICO","MEXICO"
940,"1 OHIO UNIV, DEPT MATH, ATHENS, OH 45701 USA","USA"
944,"1 OHIO UNIV, DEPT MECH ENGN, ATHENS, OH 45701 USA","USA"
943,"1 OHIO UNIV, INST SUSTAINABLE ENERGY & ENVIRONM, ATHENS, OH 45701 USA","USA"
938,"1 OHIO UNIV, OHIO UNIV, DEPT MATH, ATHENS, OH 45701 USA","USA"
941,"1 OHIO UNIV, OHIO UNIV, DEPT MECH ENGN, ATHENS, OH 45701 USA","USA"
945,"1 OIL PROD PLANT JIANGSU OILFIELD SINOPEC, YANGZHOU, JIANGSU, PEOPLES R CHINA","PEOPLES R CHINA"
946,"1 OLD DOMIN UNIV, DEPT ENGN TECHNOL, NORFOLK, VA 23529 USA","USA"
25955022,"1 ORCHARD, WESTON ST18 0DF, STAFFORD, ENGLAND","ENGLAND"
947,"1 ORTHOPAD KLIN HESSING STIFTUNG AUGSBURG, AUGSBURG, GERMANY","GERMANY"
948,"1 ORTOPED KLIN 1 LF UK FN & MOTOL, PRAGUE, CZECH REPUBLIC","CZECH REPUBLIC"
949,"1 ORTOPEDI TRAVMATOL KLIN, ATATURK EGITIM ARASTIRMA HASTANESI, ANKARA, TURKEY","TURKEY"
950,"1 ORTOPEDICKA KLIN 1 LF UK PRAHA FN MOTOL, PRAGUE, CZECH REPUBLIC","CZECH REPUBLIC"
951,"1 OTTERBEIN COLL, DEPT PSYCHOL, WESTERVILLE, OH 43081 USA","USA"
952,"1 OTTERBEIN COLL, OTTERBEIN COLL, DEPT CHEM & BIOCHEM, WESTERVILLE, OH 43081 USA","USA"
954,"1 OUTPATIENT CLIN SHANGHAI GARRISON, SHANGHAI 200041, PEOPLES R CHINA","PEOPLES R CHINA"
955,"1 P&G INNOVAT, KOBE, HYOGO, JAPAN","JAPAN"
956,"1 PACMER, ATHENS, GREECE","GREECE"
957,"1 PARA FED UNIV, TOXICOL LAB, FAC PHARM, BR-55075110 BELEM, PARA, BRAZIL","BRAZIL"
959,"1 PARIS DESCARTES UNIV, PARIS, FRANCE","FRANCE"
960,"1 PATHOL DEPT, ATHENS, GREECE","GREECE"
25949474,"1 PEINING RD, KEELUNG 20224, TAIWAN","TAIWAN"
962,"1 PEOPLE HOSP WUHAN CITY, WUHAN, HUBEI, PEOPLES R CHINA","PEOPLES R CHINA"
961,"1 PEOPLE HOSP, DEPT CARDIOL, HUAIAN 223000, JIANGSU, PEOPLES R CHINA","PEOPLES R CHINA"
968,"1 PEOPLES HOSP ANQING, ANQING, ANHUI, PEOPLES R CHINA","PEOPLES R CHINA"
969,"1 PEOPLES HOSP CHANGSHU, DEPT THYROID & BREAST SURG, CHANGSHU 215500, JIANGSU, PEOPLES R CHINA","PEOPLES R CHINA"
970,"1 PEOPLES HOSP CHENGDU, CHENGDU, PEOPLES R CHINA","PEOPLES R CHINA"
971,"1 PEOPLES HOSP DALI CITY, DEPT GEN SURG, DALI 671000, PEOPLES R CHINA","PEOPLES R CHINA"
972,"1 PEOPLES HOSP DEYANG, DEYANG, SICHUAN, PEOPLES R CHINA","PEOPLES R CHINA"
974,"1 PEOPLES HOSP FOSHAN, DEPT ENDOCRINOL, NORTH 81 DAFU SOUTH RD, FOSHAN 528000, GUANGDONG, PEOPLES R CHINA","PEOPLES R CHINA"
975,"1 PEOPLES HOSP FOSHAN, DEPT NEPHROL, FOSHAN 528000, GUANGDONG, PEOPLES R CHINA","PEOPLES R CHINA"
973,"1 PEOPLES HOSP FOSHAN, HERNIA TREATMENT CTR, FOSHAN, PEOPLES R CHINA","PEOPLES R CHINA"
976,"1 PEOPLES HOSP GUANGZHOU CITY, DEPT GASTROENTEROL, GUANGZHOU, GUANGDONG, PEOPLES R CHINA","PEOPLES R CHINA"
977,"1 PEOPLES HOSP HANGZHOU, DEPT GEN SURG, HANGZHOU 310014, ZHEJIANG, PEOPLES R CHINA","PEOPLES R CHINA"
979,"1 PEOPLES HOSP HEFEI, DEPT HEMATOL & ONCOL, HEFEI, ANHUI, PEOPLES R CHINA","PEOPLES R CHINA"
978,"1 PEOPLES HOSP HEFEI, HEFEI, PEOPLES R CHINA","PEOPLES R CHINA"
980,"1 PEOPLES HOSP HUAIAN, DEPT RADIAT ONCOL, HUAIAN, PEOPLES R CHINA","PEOPLES R CHINA"
981,"1 PEOPLES HOSP HUIZHOU, DEPT HEMATOL & ONCOL, HUIZHOU 516000, PEOPLES R CHINA","PEOPLES R CHINA"
982,"1 PEOPLES HOSP JINGMEN, DEPT GASTROENTEROL, JINGMEN 448000, PEOPLES R CHINA","PEOPLES R CHINA"
983,"1 PEOPLES HOSP JINGZHOU, DEPT ORTHOPAED SURG, JINZHOU, PEOPLES R CHINA","PEOPLES R CHINA"
986,"1 PEOPLES HOSP JINING, DEPT CARDIAC SURG, JINING, SHANDONG, PEOPLES R CHINA","PEOPLES R CHINA"
987,"1 PEOPLES HOSP JINING, DEPT HEPATOBILIARY SURG, JINING, SHANDONG, PEOPLES R CHINA","PEOPLES R CHINA"
984,"1 PEOPLES HOSP JINING, DEPT NEUROL, JINING 272000, SHANDONG, PEOPLES R CHINA","PEOPLES R CHINA"
985,"1 PEOPLES HOSP JINING, JINING 272000, PEOPLES R CHINA","PEOPLES R CHINA"
988,"1 PEOPLES HOSP JIUJIANG, JIUJIANG, PEOPLES R CHINA","PEOPLES R CHINA"
990,"1 PEOPLES HOSP KUNMING CITY, DEPT CARDIOL, KUNMING, PEOPLES R CHINA","PEOPLES R CHINA"
989,"1 PEOPLES HOSP KUNMING CITY, KUNMING, YUNNAN, PEOPLES R CHINA","PEOPLES R CHINA"
993,"1 PEOPLES HOSP NANNING, DEPT CLIN LAB, NANNING, GUANGXI, PEOPLES R CHINA","PEOPLES R CHINA"
995,"1 PEOPLES HOSP NANNING, DEPT GASTROENTEROL, NANNING, PEOPLES R CHINA","PEOPLES R CHINA"
991,"1 PEOPLES HOSP NANNING, DEPT GEN SURG, NANNING 530022, GUANGXI, PEOPLES R CHINA","PEOPLES R CHINA"
998,"1 PEOPLES HOSP NANNING, DEPT GEN SURG, NANNING 530022, PEOPLES R CHINA","PEOPLES R CHINA"
992,"1 PEOPLES HOSP NANNING, DEPT LAB, NANNING 530022, GUANGXI, PEOPLES R CHINA","PEOPLES R CHINA"
996,"1 PEOPLES HOSP NANNING, DEPT OSTEOL, NANNING 530022, GUANGXI, PEOPLES R CHINA","PEOPLES R CHINA"
997,"1 PEOPLES HOSP NANNING, NANNING 530022, GUANGXI, PEOPLES R CHINA","PEOPLES R CHINA"
994,"1 PEOPLES HOSP NANNING, NANNING 530022, PEOPLES R CHINA","PEOPLES R CHINA"
999,"1 PEOPLES HOSP NINGBO, DEPT GYNECOL, NINGBO 315010, ZHEJIANG, PEOPLES R CHINA","PEOPLES R CHINA"
1000,"1 PEOPLES HOSP NINGBO, DEPT OPHTHALMOL, NINGBO 315010, ZHEJIANG, PEOPLES R CHINA","PEOPLES R CHINA"
1001,"1 PEOPLES HOSP SHAOXING, CARDIOTHORAC DEPT, ZHEJIANG, PEOPLES R CHINA","PEOPLES R CHINA"
1002,"1 PEOPLES HOSP SHUNDE, DEPT ANESTHESIA, FOSHAN, GUANGDONG, PEOPLES R CHINA","PEOPLES R CHINA"
1003,"1 PEOPLES HOSP WUHAN CITY, WUHAN, HUBEI, PEOPLES R CHINA","PEOPLES R CHINA"
1004,"1 PEOPLES HOSP WUHU CITY, DEPT ORTHOPED SURG, WUHU, PEOPLES R CHINA","PEOPLES R CHINA"
1005,"1 PEOPLES HOSP XINGTAI, HONGXING ST 16, XINGTAI 054000, PEOPLES R CHINA","PEOPLES R CHINA"
1006,"1 PEOPLES HOSP XUZHOU, DEPT GASTROENTEROL, XUZHOU 221009, JIANGSU, PEOPLES R CHINA","PEOPLES R CHINA"
1007,"1 PEOPLES HOSP XUZHOU, DEPT GASTROENTEROL, XUZHOU, PEOPLES R CHINA","PEOPLES R CHINA"
1010,"1 PEOPLES HOSP YANCHENG, DEPT GASTROENTEROL, YANCHENG, JIANGSU, PEOPLES R CHINA","PEOPLES R CHINA"
1008,"1 PEOPLES HOSP YANCHENG, DEPT GASTROENTEROL, YANCHENG, PEOPLES R CHINA","PEOPLES R CHINA"
1009,"1 PEOPLES HOSP YANCHENG, DEPT RESP, YANCHENG 224000, JIANGSU, PEOPLES R CHINA","PEOPLES R CHINA"
1011,"1 PEOPLES HOSP YIBIN, DEPT ANESTHESIOL, YIBIN, SICHUAN, PEOPLES R CHINA","PEOPLES R CHINA"
1012,"1 PEOPLES HOSP YICHANG, YICHANG 443000, PEOPLES R CHINA","PEOPLES R CHINA"
1013,"1 PEOPLES HOSP YUEYANG CITY, DEPT ONCOL, YUEYANG 414000, PEOPLES R CHINA","PEOPLES R CHINA"
1014,"1 PEOPLES HOSP ZHANG JIAGANG, DEPT RADIAT ONCOL, ZHANG JIAGANG, PEOPLES R CHINA","PEOPLES R CHINA"
1015,"1 PEOPLES HOSP ZHANGJIAGANG, DEPT THORAC SURG, ZHANGJIAGANG 215600, PEOPLES R CHINA","PEOPLES R CHINA"
1017,"1 PEOPLES HOSP ZHENGZHOU, DEPT PLAST SURG, ZHENGZHOU 450003, HENAN, PEOPLES R CHINA","PEOPLES R CHINA"
1016,"1 PEOPLES HOSP ZHENGZHOU, DEPT PLAST SURG, ZHENGZHOU, PEOPLES R CHINA","PEOPLES R CHINA"
1019,"1 PEOPLES HOSP ZHENJIANG, DEPT RADIOL, ZHENJIANG, JIANGSU, PEOPLES R CHINA","PEOPLES R CHINA"
1018,"1 PEOPLES HOSP ZHENJIANG, ZHENJIANG, JIANGSU, PEOPLES R CHINA","PEOPLES R CHINA"
1020,"1 PEOPLES HOSP ZIBO CITY, DIV ICU, ZIBO 255200, PEOPLES R CHINA","PEOPLES R CHINA"
964,"1 PEOPLES HOSP, DEPT ANESTHESIOL, XIANGFAN 441000, PEOPLES R CHINA","PEOPLES R CHINA"
966,"1 PEOPLES HOSP, DEPT CRIT CARE MED, YANCHENG, JIANGSU, PEOPLES R CHINA","PEOPLES R CHINA"
965,"1 PEOPLES HOSP, DEPT NEUROL, CHANGDE, PEOPLES R CHINA","PEOPLES R CHINA"
967,"1 PEOPLES HOSP, DEPT UROL, 6 JIANKANG RD, JINING 272011, SHANDONG, PEOPLES R CHINA","PEOPLES R CHINA"
963,"1 PEOPLES HOSP, SHANGHAI, PEOPLES R CHINA","PEOPLES R CHINA"
25953593,"1 PHILIP GODLEE LODGE,842 WILMSLOW RD, MANCHESTER M20 2DS, LANCS, ENGLAND","ENGLAND"
1021,"1 PHYS INST, D-50937 COLOGNE, GERMANY","GERMANY"
25953380,"1 PIAZZA A BOTTA, I-27100 PAVIA, ITALY","ITALY"
25953592,"1 PINE ST, NEPTUNE CITY, NJ 07753 USA","USA"
25953826,"1 PL FRANCOIS RUDE, F-27000 DIJON, FRANCE","FRANCE"
25957966,"1 PL POSTE, F-38200 VILLETTE DE VIENNE, FRANCE","FRANCE"
25949778,"1 PLAZA ST,APT 3C, BROOKLYN, NY 11217 USA","USA"
1022,"1 PN MOULDS & TOOLS, PRESOV, SLOVAKIA","SLOVAKIA"
1024,"1 POLICLIN NAPOLI, NAPLES, ITALY","ITALY"
1023,"1 POLICLIN, NAPLES, ITALY","ITALY"
1025,"1 POLITECN MILAN, DEPT IIAR, CIMI SECT, I-20133 MILAN, ITALY","ITALY"
1027,"1 PORTE HOP, IRCAD EITS, STRASBOURG, FRANCE","FRANCE"
1028,"1 POSTS & TELECOMMUN INST TECHNOL, FAC ELECT, HA DONG CITY, HA TAY, VIETNAM","VIETNAM"
1029,"1 PRESIDENT MANAGEMENT DEPT RF, FSI OUTPATIENT CLIN, MOSCOW 119002, RUSSIA","RUSSIA"
1030,"1 PRIVATE HOSP, KOSICE, SLOVAKIA","SLOVAKIA"
1031,"1 PROD CO DAQING OIL FIELD LTD CO, DAQING 163001, PEOPLES R CHINA","PEOPLES R CHINA"
1032,"1 PULMONARY HOSP SHANGHAI, SHANGHAI, PEOPLES R CHINA","PEOPLES R CHINA"
1033,"1 PUMP COTTAGES, LEIGHTON BUZZARD LU7 0LL, BEDS, ENGLAND","ENGLAND"
25959322,"1 RCG, BR-70631901 BRASILIA, DF, BRAZIL","BRAZIL"
1034,"1 REGIMENTO CAVALARIA GUARDA, BRASILIA, DF, BRAZIL","BRAZIL"
1035,"1 RENAL TRANSPLANT UNIT, ATHENS, GREECE","GREECE"
1036,"1 RENMIN HOSP LIANYUNGANG, DEPT MED ONCOL, LIANYUNGANG, PEOPLES R CHINA","PEOPLES R CHINA"
1037,"1 REPUBL HOSP, JIUJIANG, PEOPLES R CHINA","PEOPLES R CHINA"
1038,"1 RES LINK NATL UNIV SINGAPORE, TEMASEK LIFE SCI LAB, SINGAPORE 117604, SINGAPORE","SINGAPORE"
1039,"1 RES LINK NUS, TEMASEK LIFE SCI LAB, BIOL MASS SPECTROMETRY, SINGAPORE 117604, SINGAPORE","SINGAPORE"
25961328,"1 RIMINI ST, ATHENS 12462, GREECE","GREECE"
25961916,"1 RIVERMEDE, NEWCASTLE UPON TYNE NE20 9XA, TYNE & WEAR, ENGLAND","ENGLAND"
1041,"1 RONGJUN HOSP GUANGDONG PROV, DEPT INTERNAL NEDICINE, GUANGZHOU 510260, GUANGDONG, PEOPLES R CHINA","PEOPLES R CHINA"
25950680,"1 RUE ARONNAX,CS 10112, F-44817 ST HERBLAIN, FRANCE","FRANCE"
25953005,"1 RUE CONSEIL DES QUINZE, F-67000 STRASBOURG, FRANCE","FRANCE"
25953725,"1 RUE GENEVIEVE AUBE, F-78772 MAGNY LES HAMEAUX, FRANCE","FRANCE"
25955514,"1 RUE GERMONT, F-76031 ROUEN, FRANCE","FRANCE"
25953355,"1 RUE MARTHE CHENAL, F-94410 ST MAURICE, FRANCE","FRANCE"
25954240,"1 RUE PONT, F-10450 BREVIANDES, FRANCE","FRANCE"
25949870,"1 RUE TILLEULS, F-59152 GRUSON, FRANCE","FRANCE"
1042,"1 SAMSUNG ENGN, CIVIL & ARCHITECTURAL DEPT, SEOUL 135856, SOUTH KOREA","SOUTH KOREA"
1043,"1 SANAT CHINESE NAVY, DEPT HYPERBAR MED, QINGDAO, PEOPLES R CHINA","PEOPLES R CHINA"
1044,"1 SANAT QINGDAO PLA, DEPT OUTPATIENT CLIN, QINGDAO, SHANDONG, PEOPLES R CHINA","PEOPLES R CHINA"
1045,"1 SCH COTTAGES, NORTON HAWKFIELD BS39 4HD, SOMERSET, ENGLAND","ENGLAND"
1046,"1 SEMMELWEIS UNIV, CHAIR RHEUMATOL & PHYSIOTHERAPY, POLYCLIN HOSP BROS ST JOHN GOD, DEPT RHEUMATOL, BUDAPEST, HUNGARY","HUNGARY"
1049,"1 SEMMELWEIS UNIV, DEPT PEDIAT, BUDAPEST, HUNGARY","HUNGARY"
1050,"1 SEMMELWEIS UNIV, HOSP BROS ST JOHN GOD, POLYCLIN, CHAIR RHEUMATOL & PHYSIOTHERAPY,DEPT RHEUMATOL, BUDAPEST, HUNGARY","HUNGARY"
1055,"1 SENIOR HIGH SCH TENGZHOU CITY, TENGZHOU, PEOPLES R CHINA","PEOPLES R CHINA"
1056,"1 SENIOR HIGH SCH URUMQI, URUMQI, XINJIANG, PEOPLES R CHINA","PEOPLES R CHINA"
1054,"1 SENIOR HIGH SCH, URUMQI 830002, XINJIANG, PEOPLES R CHINA","PEOPLES R CHINA"
1053,"1 SENIOR HIGH SCH, URUMQI, PEOPLES R CHINA","PEOPLES R CHINA"
1057,"1 SENIOR MIDDLE SCH IAIWU, IAIWU 271100, SHANDONG, PEOPLES R CHINA","PEOPLES R CHINA"
1058,"1 SENIOR MIDDLE SCH WENDENG DIST, WEIHAI, PEOPLES R CHINA","PEOPLES R CHINA"
1059,"1 SENIOR SCH LUSHI CTY, LUSHI 748500, HENAN, PEOPLES R CHINA","PEOPLES R CHINA"
25960763,"1 SHAFTESBURY HOUSE,VAUXHALL WALK, LONDON SE11 5EW, ENGLAND","ENGLAND"
25955750,"1 SHIZI ST, SUZHOU, JIANGSU, PEOPLES R CHINA","PEOPLES R CHINA"
25958741,"1 SHIZISHAN ST, WUHAN 430070, HUBEI, PEOPLES R CHINA","PEOPLES R CHINA"
1060,"1 SHOU UNIV, DEPT CHEM ENGN, SECT 1, KAOHSIUNG 84008, TAIWAN","TAIWAN"
1062,"1 SHOU UNIV, DEPT ELECT ENGN, KAOHSIUNG 840, TAIWAN","TAIWAN"
1063,"1 SHOU UNIV, DEPT MED IMAGING & RADIOL SCI, KAOHSIUNG 840, TAIWAN","TAIWAN"
25954343,"1 SHUAIFU RD, BEIJING, PEOPLES R CHINA","PEOPLES R CHINA"
25951723,"1 SHUAIFUYUAN,WANGFUJING ST, BEIJING 100730, PEOPLES R CHINA","PEOPLES R CHINA"
1064,"1 SIMT AOU CITTA SALUTE & SCI TORINO, TURIN, ITALY","ITALY"
25961662,"1 SMILAX DR, OLD LYME, CT 06371 USA","USA"
25956900,"1 SOUTH BROAD ST, PHILADELPHIA, PA 19107 USA","USA"
1065,"1 SRL, FLORENCE, ITALY","ITALY"
1066,"1 ST CLIN OBSTET & GYNECOL, LAB CYTOGENET, CLUJ NAPOCA, ROMANIA","ROMANIA"
1067,"1 ST JOSEPHS TRANSLAT RES INST, ATLANTA, GA USA","USA"
25955651,"1 ST LOY COTTAGES, PENZANCE TR19 6DH, CORNWALL, ENGLAND","ENGLAND"
1068,"1 ST MGMU, DEPT UROL, MOSCOW, RUSSIA","RUSSIA"
1069,"1 ST PETERSBURG PAVLOV STATE MED UNIV, SCI RES INST PULMONOL, ST PETERSBURG, RUSSIA","RUSSIA"
1070,"1 STATE GIMNAZIUM RIGA, LV-1050 RIGA, LATVIA","LATVIA"
1071,"1 STAVROPOL STATE MED ACAD, STAVROPOL, RUSSIA","RUSSIA"
1072,"1 STEELMAKING PLANT ANGANG STEEL CO LTD, ANSHAN 114031, PEOPLES R CHINA","PEOPLES R CHINA"
1073,"1 STEELMAKING PLANT WISCO, WUHAN 430083, PEOPLES R CHINA","PEOPLES R CHINA"
25959593,"1 STESICHOROU ST, ATHENS 10674, GREECE","GREECE"
25953908,"1 STONE RD WEST,5TH FLOOR NW 336, GUELPH, ON N1G 2Y4, CANADA","CANADA"
1074,"1 STONEMILL APPROACH, LEEDS LS6 4RF, W YORKSHIRE, ENGLAND","ENGLAND"
1075,"1 STOP PAEDIAT SERV, MT GAMBIER, SA, AUSTRALIA","AUSTRALIA"
1076,"1 STRADBROKE BUSINESS CTR, STRADBROKE IP21 5JJ, SUFFOLK, ENGLAND","ENGLAND"
1077,"1 STRADBROKE BUSINESS CTR, TULIP SUPPLY GRP, STRADBROKE IP21 5JJ, SUFFOLK, ENGLAND","ENGLAND"
25954638,"1 STRELE 6-27, LESKOVAC 16000, SERBIA","SERBIA"
25955857,"1 SUTTON COURT, AMHERST, MA 01002 USA","USA"
1078,"1 SZ PSZICHIATRIAI KLIN, MAROSVASARHELY, ROMANIA","ROMANIA"
1079,"1 SZIE AOTK, JARVANYTANI & MIKROBIOL TANSZEK, H-1143 BUDAPEST, HUNGARY","HUNGARY"
25962897,"1 TA HSUEH RD, TAINAN, TAIWAN","TAIWAN"
25954768,"1 TAVISTOCK RD, CHELMSFORD CM1 6JL, ESSEX, ENGLAND","ENGLAND"
1080,"1 TEACHING HOSP, TIANJIN TRADIT CHINESE MED COLL, DEPT ACUPUNCTURE, TIANJIN, PEOPLES R CHINA","PEOPLES R CHINA"
1082,"1 TECH UNIV MUENCHEN, CATALYSIS RES CTR, DEPT CHEM, CHAIR INORGAN CHEM, D-8046 GARCHING, GERMANY","GERMANY"
25952161,"1 TECHNOL COURT, PULLENVALE, QLD 15213, AUSTRALIA","AUSTRALIA"
25956533,"1 TER RUE PONT, F-10450 BREVIANDES, FRANCE","FRANCE"
25960729,"1 TEXT RD, WUHAN 430073, HUBEI, PEOPLES R CHINA","PEOPLES R CHINA"
25949137,"1 TON THAT TUNG ST, HANOI, VIETNAM","VIETNAM"
1085,"1 TRADIT CHINESE MED HOSP CHANGDE, CHANGDE, PEOPLES R CHINA","PEOPLES R CHINA"
25960984,"1 TURNER AVE, BENTLEY, WA, AUSTRALIA","AUSTRALIA"
1086,"1 UCL NATL HOSP NEUROL DIS, LONDON, ENGLAND","ENGLAND"
